longitude,latitude,elev_m,dist_to_water_m,bioclim1,bioclim4,bioclim12,bioclim15
39.3880548,3.5175787,830,14823,232.3875,1543.7,571.1,101.525
37.9308447,3.8818812,820,10006,235.6,1292.4325,450.605,98.615
38.2951472,3.8818812,1101,5982,202.8075,1417.385,593.5175,97.465
38.6594497,3.8818812,1271,17478,198.3,1516.525,656.395,97.5675
39.0237523,3.8818812,1136,34,213.9,1549.7875,636.8875,100.7
39.3880548,3.8818812,1004,5111,226.7,1462.94,535.28,106.0
39.7523573,3.8818812,996,7491,234.0725,1325.535,420.2925,114.755
37.5665421,4.2461838,836,6108,239.0125,1173.7,393.1125,83.9375
37.9308447,4.2461838,1415,9762,199.465,1281.82,529.5775,86.5
38.2951472,4.2461838,1513,37225,181.9725,1335.6275,580.7325,91.055
38.6594497,4.2461838,1393,27990,192.0025,1375.2575,586.4875,98.6975
39.0237523,4.2461838,1255,19266,203.625,1378.3625,580.0875,103.3625
39.3880548,4.2461838,1107,15135,217.565,1330.6325,516.59,109.7325
39.7523573,4.2461838,939,8425,231.9075,1228.3125,415.3775,117.3025
40.1166599,4.2461838,1118,14918,224.1325,1179.815,403.0675,117.485
40.4809624,4.2461838,972,13947,235.3,1123.1875,340.2375,116.3
40.845265,4.2461838,317,243,264.1475,986.3575,271.64,123.165
41.2095675,4.2461838,557,691,263.735,937.8625,285.93,120.4725
41.57387,4.2461838,398,790,279.05,871.6075,264.665,125.4925
41.9381726,4.2461838,209,5941,293.7,872.7625,248.725,133.75
42.3024751,4.2461838,193,5439,297.7825,1007.0425,263.97,136.1125
42.6667776,4.2461838,316,22882,292.8975,1094.54,308.0,144.4025
36.109332,4.6104863,366,742,288.3,814.39,355.3275,70.345
36.4736345,4.6104863,736,3159,262.895,911.33,424.5875,63.195
36.8379371,4.6104863,497,5013,273.5175,931.3375,346.0675,67.7675
37.2022396,4.6104863,996,456,236.7775,1144.915,454.4975,68.1275
37.5665421,4.6104863,1006,1273,232.2875,1207.5125,419.2625,78.325
37.9308447,4.6104863,1211,14081,212.8,1241.255,458.295,86.95
38.2951472,4.6104863,1625,21604,185.9075,1178.0875,564.8625,89.35
38.6594497,4.6104863,1453,17538,196.73,1185.795,544.895,99.8175
39.0237523,4.6104863,1100,4736,215.0,1198.9375,508.2,109.6625
39.3880548,4.6104863,920,3963,224.91,1157.01,475.42,114.255
39.7523573,4.6104863,1202,6899,223.87,1143.4225,468.455,116.3825
40.1166599,4.6104863,1258,6723,212.9825,1125.0825,492.17,115.15
40.4809624,4.6104863,979,2642,234.925,1058.0,380.7125,118.925
40.845265,4.6104863,821,5524,245.3,983.4175,339.35,120.4525
41.2095675,4.6104863,928,7714,244.2125,939.6775,359.335,118.2775
41.57387,4.6104863,333,69,281.09,841.0725,268.67,127.095
41.9381726,4.6104863,238,6661,291.65,857.2875,259.2875,135.4125
42.3024751,4.6104863,241,1106,293.1275,915.62,276.8575,136.8325
42.6667776,4.6104863,377,763,285.4325,993.8925,321.1375,141.085
43.0310802,4.6104863,383,25504,283.4275,1020.3725,341.5725,148.7
36.109332,4.9747888,374,676,283.8275,840.28,437.245,57.955
36.4736345,4.9747888,927,5543,248.4175,962.22,579.4225,51.9775
36.8379371,4.9747888,510,372,270.895,948.1625,405.8275,59.0975
37.2022396,4.9747888,1286,6087,223.58,1249.4875,588.87,62.55
37.5665421,4.9747888,1289,4698,218.4875,1322.05,529.35,69.2125
37.9308447,4.9747888,1477,8587,208.545,1217.02,500.315,79.5525
38.2951472,4.9747888,1641,2287,194.5575,1076.4575,570.5975,87.95
38.6594497,4.9747888,1358,1814,203.385,1004.72,542.8725,98.035
39.0237523,4.9747888,968,1331,220.9875,999.1,491.075,108.525
39.3880548,4.9747888,994,7693,224.1675,1012.48,494.43,114.6175
39.7523573,4.9747888,1373,4283,202.615,1077.015,619.1725,114.3325
40.1166599,4.9747888,1069,2678,223.1175,1024.075,505.945,115.85
40.4809624,4.9747888,1027,3633,225.675,981.025,474.4,115.8125
40.845265,4.9747888,1075,20045,230.44,932.1425,441.94,117.6425
41.2095675,4.9747888,959,5310,246.2375,874.7275,384.5375,120.3075
41.57387,4.9747888,445,8027,275.11,820.2625,301.215,127.9625
41.9381726,4.9747888,268,6857,288.2875,830.7125,276.15,134.925
42.3024751,4.9747888,335,2360,286.2775,871.3675,297.7675,136.4075
42.6667776,4.9747888,368,1230,285.15,905.85,315.6675,140.095
43.0310802,4.9747888,430,13035,280.4225,937.1275,336.6225,138.0
43.3953827,4.9747888,415,5100,279.6375,941.0625,333.65,140.5625
43.7596853,4.9747888,469,10794,274.7975,927.005,329.655,134.1025
44.1239878,4.9747888,448,14638,276.2075,905.7525,303.3425,129.2925
44.4882903,4.9747888,343,5754,282.0975,858.6,265.7975,126.4325
44.8525929,4.9747888,208,5402,287.1875,776.3875,249.8625,125.85
36.109332,5.3390914,427,3062,276.9325,846.1375,556.09,48.365
36.4736345,5.3390914,1129,844,237.3525,990.6675,787.175,45.8325
36.8379371,5.3390914,1180,12776,237.835,1036.315,703.1875,48.55
37.2022396,5.3390914,1060,9305,230.6,1155.5175,606.195,53.35
37.5665421,5.3390914,1029,2555,236.8,1127.8875,438.5875,61.425
37.9308447,5.3390914,1685,8720,207.2575,1257.8825,690.5775,67.985
38.2951472,5.3390914,1584,7504,203.8725,891.6025,622.055,82.9775
38.6594497,5.3390914,1235,4880,215.9425,815.3125,549.795,92.845
39.0237523,5.3390914,1333,1436,205.9875,804.175,622.75,97.7625
39.3880548,5.3390914,1576,6872,197.4975,838.9425,665.2975,105.7325
39.7523573,5.3390914,1554,14248,188.7975,947.6625,775.465,107.9
40.1166599,5.3390914,1178,2031,223.15,909.135,570.4875,113.0825
40.4809624,5.3390914,1025,6016,239.975,843.0625,464.4625,117.1875
40.845265,5.3390914,1229,1726,220.4475,870.4275,540.8325,114.1
41.2095675,5.3390914,488,6575,268.9175,795.0675,335.4975,123.91
41.57387,5.3390914,550,7424,269.135,812.265,340.2875,124.5775
41.9381726,5.3390914,318,5338,284.95,809.4125,297.5,129.7375
42.3024751,5.3390914,401,389,281.735,830.1675,316.2625,132.065
42.6667776,5.3390914,574,1495,270.855,868.4425,357.47,130.8525
43.0310802,5.3390914,561,10884,272.5175,874.1825,356.3475,132.0
43.3953827,5.3390914,607,14674,270.7375,896.225,357.5125,129.2375
43.7596853,5.3390914,418,7015,277.5025,853.5925,327.9075,128.9
44.1239878,5.3390914,294,1956,285.5275,806.965,288.8175,127.15
44.4882903,5.3390914,224,6029,288.515,810.7775,259.2275,128.2425
44.8525929,5.3390914,325,3127,282.5625,760.9125,260.6625,124.2875
45.2168954,5.3390914,464,22722,271.58,765.63,280.9975,119.7325
35.3807269,5.7033939,826,5965,241.71,825.0375,907.695,42.0525
35.7450294,5.7033939,479,13324,261.7825,820.5425,780.8075,43.9
36.109332,5.7033939,783,561,250.53,872.3125,866.115,43.1
36.4736345,5.7033939,938,2421,246.92,929.6725,870.6175,44.1425
36.8379371,5.7033939,1419,13690,224.8175,1018.42,982.59,45.6
37.2022396,5.7033939,1005,920,237.145,950.06,701.505,48.8575
37.5665421,5.7033939,1505,4321,222.025,877.375,706.625,55.225
37.9308447,5.7033939,1402,1758,206.3775,745.3025,806.65,64.9825
38.2951472,5.7033939,2030,4645,181.9025,735.2775,1023.5825,70.445
38.6594497,5.7033939,1691,3481,198.5,608.1025,852.2025,77.745
39.0237523,5.7033939,1688,3466,197.75,615.2625,841.95,82.375
39.3880548,5.7033939,1541,10985,199.0925,659.265,791.455,90.7575
39.7523573,5.7033939,1327,5066,206.015,734.3625,740.9625,98.5275
40.1166599,5.7033939,1469,10090,206.2,775.2,731.8925,103.15
40.4809624,5.7033939,1146,5563,219.85,783.2875,627.1,108.575
40.845265,5.7033939,647,5040,252.9975,771.635,437.8675,117.3525
41.2095675,5.7033939,444,671,270.1025,788.4,355.3875,122.9475
41.57387,5.7033939,576,2051,267.035,779.17,366.5625,125.3
41.9381726,5.7033939,478,5027,276.875,789.55,331.0875,127.1875
42.3024751,5.7033939,716,736,261.835,825.885,383.88,123.67
42.6667776,5.7033939,522,2352,275.895,829.69,343.8375,127.4775
43.0310802,5.7033939,423,1858,278.7425,815.475,338.7075,126.3125
43.3953827,5.7033939,337,1205,283.9625,787.175,327.9375,126.75
43.7596853,5.7033939,274,280,286.2675,772.765,315.6,126.4175
44.1239878,5.7033939,246,1535,284.3375,784.7425,309.0775,128.995
44.4882903,5.7033939,342,3467,278.6525,794.52,304.6275,128.265
44.8525929,5.7033939,355,15596,277.875,765.0625,287.025,125.2
45.2168954,5.7033939,494,6104,268.2425,780.035,291.4875,123.42
45.5811979,5.7033939,389,24026,272.9275,778.1775,257.8825,125.6225
35.0164244,6.0676965,990,1670,231.6125,790.6425,1050.7125,49.4
35.3807269,6.0676965,1376,4011,210.1825,814.095,1263.3175,41.4175
35.7450294,6.0676965,815,919,237.0775,818.6125,1107.16,43.3225
36.109332,6.0676965,543,551,262.145,817.205,897.345,45.15
36.4736345,6.0676965,1061,8403,243.605,909.61,1064.6025,43.805
36.8379371,6.0676965,1754,5513,206.705,1039.25,1328.1675,44.1
37.2022396,6.0676965,2064,9189,177.665,984.675,1433.5925,48.8825
37.5665421,6.0676965,1223,3226,215.4875,722.625,928.375,50.9125
37.9308447,6.0676965,1417,4122,220.1475,700.275,834.915,56.6
38.2951472,6.0676965,2547,4741,152.51,633.78,1550.9375,53.2475
38.6594497,6.0676965,2320,3069,173.13,575.9225,1491.315,57.9575
39.0237523,6.0676965,1423,971,207.75,632.2375,885.0625,69.0125
39.3880548,6.0676965,1945,4001,202.2975,654.4375,905.075,72.145
39.7523573,6.0676965,974,13386,225.275,681.515,676.2775,89.9875
40.1166599,6.0676965,1171,7532,221.1425,702.9375,694.825,96.3425
40.4809624,6.0676965,1048,9976,231.3625,733.9625,609.125,104.875
40.845265,6.0676965,843,3964,243.92,755.0075,517.665,112.195
41.2095675,6.0676965,752,1013,250.865,774.845,468.3725,117.0475
41.57387,6.0676965,615,5738,269.355,773.8875,373.93,122.8775
41.9381726,6.0676965,872,3859,246.8,801.25,456.375,118.3375
42.3024751,6.0676965,720,2741,259.6525,804.1925,397.285,121.9475
42.6667776,6.0676965,479,1944,280.665,785.0825,328.4325,123.485
43.0310802,6.0676965,305,2087,288.605,757.7725,310.245,127.5975
43.3953827,6.0676965,306,5010,287.5625,741.075,326.125,122.0
43.7596853,6.0676965,385,2762,275.8825,759.1375,357.6975,123.3175
44.1239878,6.0676965,452,4219,272.8175,783.9175,359.2975,126.285
44.4882903,6.0676965,401,8246,274.7225,810.605,339.3775,127.4725
44.8525929,6.0676965,446,41123,269.6125,797.55,323.175,127.9125
45.2168954,6.0676965,482,30639,267.8525,782.18,295.5425,129.5
45.5811979,6.0676965,435,43019,269.6,791.1275,264.4575,126.6475
45.9455005,6.0676965,367,73403,272.65,792.405,228.1975,130.2125
35.0164244,6.431999,0,177,250.4225,731.72,1026.92,61.0725
35.3807269,6.431999,763,728,241.22,703.845,1116.255,55.8175
35.7450294,6.431999,1278,8700,219.1,762.4325,1397.5525,45.3225
36.109332,6.431999,568,2272,258.3625,785.4125,1050.265,47.8
36.4736345,6.431999,857,7287,238.785,888.4975,1275.875,44.105
36.8379371,6.431999,1531,3937,210.57,1038.405,1445.47,44.3575
37.2022396,6.431999,950,1170,240.45,866.8775,986.28,45.6175
37.5665421,6.431999,1786,830,189.9875,1006.1,1268.4625,48.55
37.9308447,6.431999,1175,1104,236.5225,807.245,703.1275,47.7725
38.2951472,6.431999,1472,8916,205.0075,724.9325,1129.92,49.1625
38.6594497,6.431999,2409,7242,153.0625,649.5275,1505.7075,47.6425
39.0237523,6.431999,2328,9999,161.1875,654.3625,1247.675,48.2
39.3880548,6.431999,1834,304,183.745,731.1525,1092.4425,55.4475
39.7523573,6.431999,1428,7760,208.165,737.67,869.97,72.95
40.1166599,6.431999,1081,947,227.45,746.065,690.1325,89.45
40.4809624,6.431999,1225,7913,224.8375,752.7625,695.0125,97.5125
40.845265,6.431999,1055,3771,231.64,759.245,627.955,105.155
41.2095675,6.431999,853,3261,250.17,774.51,496.435,112.035
41.57387,6.431999,1037,564,247.0125,790.8775,487.9425,114.2325
41.9381726,6.431999,506,6893,276.3625,804.2,342.3875,121.7
42.3024751,6.431999,406,4243,285.2525,796.27,305.855,123.7025
42.6667776,6.431999,415,2476,284.215,793.0175,308.92,124.485
43.0310802,6.431999,417,4067,283.2525,754.2825,319.0475,122.0975
43.3953827,6.431999,398,4450,282.1,736.8875,331.875,122.075
43.7596853,6.431999,457,1877,275.7175,752.5025,357.0425,121.7175
44.1239878,6.431999,618,5550,262.5825,829.99,395.4825,123.65
44.4882903,6.431999,520,3655,266.1225,858.09,383.75,129.3
44.8525929,6.431999,580,20771,261.7875,836.75,351.65,128.45
45.2168954,6.431999,545,47481,263.7975,806.2325,306.0625,129.7025
45.5811979,6.431999,488,78616,265.5425,819.565,267.115,128.6025
45.9455005,6.431999,420,89828,269.2975,830.2325,227.3925,131.4675
46.309803,6.431999,374,74743,271.35,873.1375,203.1625,128.0875
34.6521218,6.7963015,650,3261,253.9825,793.61,1107.34,70.415
35.0164244,6.7963015,1859,142,189.255,724.0675,1509.0175,54.635
35.3807269,6.7963015,1134,6701,214.175,611.0925,1371.875,62.1375
35.7450294,6.7963015,1775,6808,186.205,690.0675,1744.41,42.7
36.109332,6.7963015,1123,3975,229.945,773.1925,1535.5,45.995
36.4736345,6.7963015,733,469,242.1975,812.985,1353.365,46.6575
36.8379371,6.7963015,1061,11172,220.2675,901.1175,1458.105,46.0225
37.2022396,6.7963015,1317,7099,219.92,926.0975,1301.2225,48.905
37.5665421,6.7963015,1736,13278,199.0875,1265.6125,1396.375,52.1
37.9308447,6.7963015,1500,402,210.5,974.5175,1117.55,50.0175
38.2951472,6.7963015,1841,7000,188.935,624.1025,1258.7025,45.05
38.6594497,6.7963015,2801,1297,132.03,708.8275,1217.4075,41.4825
39.0237523,6.7963015,2788,1221,129.225,651.9375,1067.95,46.425
39.3880548,6.7963015,3377,5250,109.81,642.7725,1075.845,44.985
39.7523573,6.7963015,3313,12986,86.7225,614.7725,1167.905,42.855
40.1166599,6.7963015,1260,503,207.9625,840.045,830.225,75.3375
40.4809624,6.7963015,1798,10377,189.7375,767.5125,952.1,85.0
40.845265,6.7963015,1404,6171,218.5775,780.9175,763.145,98.2325
41.2095675,6.7963015,1079,12575,237.89,774.825,587.7575,105.8
41.57387,6.7963015,1237,7157,235.1825,795.165,569.05,105.1425
41.9381726,6.7963015,537,7361,277.2125,865.7125,333.7125,118.275
42.3024751,6.7963015,633,332,271.99,845.4475,339.26,118.7
42.6667776,6.7963015,667,560,269.1375,815.33,342.7975,118.0775
43.0310802,6.7963015,608,1858,272.635,782.9125,333.695,116.635
43.3953827,6.7963015,554,1755,273.2625,758.2125,337.6,118.075
43.7596853,6.7963015,691,1072,262.9,776.5775,373.03,119.35
44.1239878,6.7963015,664,1863,259.8875,781.0225,382.1725,125.7025
44.4882903,6.7963015,556,886,262.45,804.42,380.2175,131.7675
44.8525929,6.7963015,590,725,260.0875,837.0375,344.5375,129.7
45.2168954,6.7963015,570,27093,261.1075,834.0675,301.965,127.95
45.5811979,6.7963015,510,58380,264.95,841.395,259.705,130.1
45.9455005,6.7963015,463,60926,266.8,862.595,225.2,130.7
46.309803,6.7963015,420,35377,268.95,908.475,197.175,130.95
46.6741055,6.7963015,375,33163,270.55,928.3075,175.2,134.3
34.2878193,7.1606041,473,7716,261.6275,982.8525,1171.23,74.4275
34.6521218,7.1606041,540,680,253.4575,853.4325,1216.0475,74.6425
35.0164244,7.1606041,884,3656,238.9625,678.93,1256.3575,75.8075
35.3807269,7.1606041,1167,3714,214.3475,551.62,1396.3775,72.8625
35.7450294,7.1606041,1716,6119,191.7925,615.81,1737.205,49.6425
36.109332,7.1606041,1877,6632,182.8,640.46,1869.51,42.8475
36.4736345,7.1606041,2501,3176,157.26,767.7025,1855.31,43.9825
36.8379371,7.1606041,1689,7840,202.8425,759.79,1549.6875,48.45
37.2022396,7.1606041,1247,1147,213.13,823.865,1383.2225,54.8225
37.5665421,7.1606041,1437,1417,216.2625,882.9875,1233.0,57.6125
37.9308447,7.1606041,1961,1958,188.1,952.8475,1253.5575,50.8
38.2951472,7.1606041,2115,416,178.32,744.175,1129.745,50.9275
38.6594497,7.1606041,2226,10940,164.115,771.715,1076.3525,51.7525
39.0237523,7.1606041,2701,5004,132.95,741.5,1013.15,55.075
39.3880548,7.1606041,2346,2470,151.3225,873.92,843.605,63.0475
39.7523573,7.1606041,3313,4549,112.9075,681.08,1067.6675,47.45
40.1166599,7.1606041,2381,355,150.8,827.66,1013.6275,53.0675
40.4809624,7.1606041,2208,2465,169.4375,770.125,1111.9,72.125
40.845265,7.1606041,1488,2590,206.485,793.71,905.31,91.1075
41.2095675,7.1606041,1135,4253,234.2675,829.77,631.0425,96.3
41.57387,7.1606041,837,4778,257.05,873.4175,448.4775,105.1
41.9381726,7.1606041,729,8314,268.4875,916.8625,357.0375,112.55
42.3024751,7.1606041,591,2172,275.3075,932.4,311.99,116.305
42.6667776,7.1606041,970,3261,254.3475,838.7925,385.105,107.8575
43.0310802,7.1606041,797,7761,265.4975,818.4225,341.8275,110.8825
43.3953827,7.1606041,891,5584,258.425,813.5625,366.3625,111.8375
43.7596853,7.1606041,873,987,250.835,830.595,385.2375,111.9775
44.1239878,7.1606041,648,423,262.2675,773.0,348.3925,122.3275
44.4882903,7.1606041,967,9307,241.0,874.6475,389.615,117.93
44.8525929,7.1606041,820,25123,249.3625,875.0875,344.0625,122.85
45.2168954,7.1606041,650,21945,257.7,896.6975,289.0,125.6325
45.5811979,7.1606041,573,18912,260.7975,919.09,249.5,127.485
45.9455005,7.1606041,523,45588,262.9325,962.1375,216.7,129.295
46.309803,7.1606041,441,7556,266.275,982.2,188.2125,132.1
46.6741055,7.1606041,468,11259,265.1,1015.8725,172.9,130.9
47.0384081,7.1606041,425,45412,266.1,1052.4275,160.1275,131.6225
33.9235168,7.5249066,424,1356,267.9,1156.9125,1133.7625,76.8625
34.2878193,7.5249066,494,3749,260.8125,1099.8625,1270.1625,76.0
34.6521218,7.5249066,539,9332,253.9375,994.8125,1315.225,76.0
35.0164244,7.5249066,800,7284,235.3875,750.6125,1346.275,76.0
35.3807269,7.5249066,1981,3865,180.925,767.4875,1772.8,56.8125
35.7450294,7.5249066,2120,828,173.9875,726.7,1906.825,52.0875
36.109332,7.5249066,2027,3122,189.35,731.825,1789.6375,51.3625
36.4736345,7.5249066,1518,3939,194.0875,788.1625,1650.6875,53.6125
36.8379371,7.5249066,2014,5163,178.0,795.25,1677.9625,57.4375
37.2022396,7.5249066,2965,1739,154.6375,862.5625,1531.15,55.95
37.5665421,7.5249066,1815,1181,196.75,892.625,1219.1875,61.0
37.9308447,7.5249066,2188,2331,174.7375,831.7375,1066.8625,56.85
38.2951472,7.5249066,1803,5943,188.225,766.075,885.425,57.5
38.6594497,7.5249066,1652,2977,198.375,868.3625,659.85,63.0875
39.0237523,7.5249066,2901,4587,125.0625,860.875,1132.875,57.125
39.3880548,7.5249066,2947,5788,121.45,781.7375,1071.9625,56.5
39.7523573,7.5249066,1448,1171,196.375,1060.0875,952.925,58.6625
40.1166599,7.5249066,1325,762,194.4875,986.05,1008.2125,59.725
40.4809624,7.5249066,1603,4680,206.9375,964.625,930.75,70.6875
40.845265,7.5249066,1457,8130,212.4375,856.1375,863.6125,78.7875
41.2095675,7.5249066,1108,1345,234.65,882.5625,631.5125,85.35
41.57387,7.5249066,918,3128,248.9375,866.6,493.3375,92.175
41.9381726,7.5249066,741,612,263.125,916.125,377.0,101.5
42.3024751,7.5249066,712,634,267.7125,934.225,329.4125,107.075
42.6667776,7.5249066,781,1356,266.3125,863.175,330.1125,104.225
43.0310802,7.5249066,888,7510,258.2625,844.7375,357.4,102.275
43.3953827,7.5249066,1058,18913,246.875,868.875,391.25,100.5
43.7596853,7.5249066,746,991,261.5375,848.35,332.2125,110.5
44.1239878,7.5249066,991,2712,245.2875,899.375,369.65,107.3
44.4882903,7.5249066,895,34509,247.6875,911.6125,342.3375,115.7875
44.8525929,7.5249066,806,28366,250.8125,952.875,308.75,118.875
45.2168954,7.5249066,709,716,254.55,985.4375,269.425,123.9375
45.5811979,7.5249066,624,21448,257.5875,1028.1375,234.575,125.125
45.9455005,7.5249066,598,29771,258.6125,1071.0,208.5625,125.5875
46.309803,7.5249066,584,7673,257.9375,1108.3125,187.3125,128.6875
46.6741055,7.5249066,554,17569,258.4125,1141.9375,170.275,128.0
47.0384081,7.5249066,483,19449,260.9125,1187.7625,154.55,133.7625
47.4027106,7.5249066,462,2906,259.2375,1275.0125,149.3375,131.9375
33.1949117,7.8892091,412,6934,277.8725,1421.9525,975.36,86.1725
33.5592142,7.8892091,415,426,273.75,1332.7,1009.6375,80.9375
33.9235168,7.8892091,420,1989,269.6,1264.82,1057.14,78.5325
34.2878193,7.8892091,438,5109,265.35,1194.36,1190.4675,78.1575
34.6521218,7.8892091,481,914,262.055,1134.99,1291.695,77.0
35.0164244,7.8892091,1828,2227,191.1975,938.5375,1626.32,62.4
35.3807269,7.8892091,2104,3328,182.8875,928.065,1838.345,60.8275
35.7450294,7.8892091,2132,4147,179.055,880.91,1938.4125,59.7675
36.109332,7.8892091,2229,9287,172.45,811.07,1950.4525,60.4275
36.4736345,7.8892091,2154,7966,178.855,847.1475,1890.4025,63.6
36.8379371,7.8892091,1836,2027,190.4575,904.3575,1892.6775,70.085
37.2022396,7.8892091,2041,5632,186.025,918.4975,1555.055,70.2775
37.5665421,7.8892091,2116,4399,186.0,895.9125,1196.45,68.6625
37.9308447,7.8892091,2860,1749,141.5325,817.9575,1123.2725,64.7
38.2951472,7.8892091,2007,3658,172.29,792.4825,982.3725,63.1575
38.6594497,7.8892091,1674,8170,191.955,754.0425,838.9075,62.015
39.0237523,7.8892091,1982,585,171.6125,948.2625,867.6625,66.2625
39.3880548,7.8892091,3967,7977,89.0975,622.9025,1235.4875,58.4275
39.7523573,7.8892091,2449,1932,159.975,698.7575,1150.8075,51.0975
40.1166599,7.8892091,1298,406,211.79,1208.085,880.0925,59.7225
40.4809624,7.8892091,1298,2844,227.775,1174.1375,757.175,63.0625
40.845265,7.8892091,1415,7170,220.3475,977.8975,799.48,67.2975
41.2095675,7.8892091,1514,5681,214.295,796.3675,783.5425,69.8
41.57387,7.8892091,787,694,244.9225,851.73,520.005,76.7
41.9381726,7.8892091,1080,6448,247.525,818.4125,458.5125,81.4125
42.3024751,7.8892091,955,3154,251.4,819.295,405.225,85.295
42.6667776,7.8892091,951,2680,258.35,844.045,359.335,89.5975
43.0310802,7.8892091,1017,4753,251.5325,861.24,377.4875,89.6775
43.3953827,7.8892091,1009,2188,253.6,924.975,361.725,93.1
43.7596853,7.8892091,970,3874,253.94,972.5325,343.93,98.2525
44.1239878,7.8892091,956,3512,248.3925,1002.5625,338.4,100.62
44.4882903,7.8892091,955,39720,245.85,1049.9725,322.7925,105.7
44.8525929,7.8892091,790,45163,252.4875,1102.8875,275.0,115.7625
45.2168954,7.8892091,735,28176,253.85,1134.4775,246.99,118.385
45.5811979,7.8892091,697,24954,254.6175,1181.1425,220.9825,119.8825
45.9455005,7.8892091,658,841,253.595,1226.435,198.9375,122.235
46.309803,7.8892091,696,16930,249.85,1237.7,188.125,123.5625
46.6741055,7.8892091,625,16952,252.6325,1277.8675,164.415,125.665
47.0384081,7.8892091,586,19505,252.4575,1354.345,148.72,130.135
47.4027106,7.8892091,610,19067,249.7,1407.6075,145.8975,129.5
47.7670132,7.8892091,641,39195,246.8375,1478.1375,149.8625,132.5375
33.1949117,8.2535117,407,527,276.5325,1452.7225,898.05,88.2325
33.5592142,8.2535117,413,4729,274.8875,1430.7625,912.7875,84.3
33.9235168,8.2535117,418,1015,273.55,1425.13,907.645,81.7525
34.2878193,8.2535117,467,3997,274.5,1468.15,934.2775,82.05
34.6521218,8.2535117,532,5269,270.1875,1321.45,1170.0175,79.0
35.0164244,8.2535117,1577,5165,230.61,1048.45,1342.0225,73.72
35.3807269,8.2535117,1702,2487,199.15,935.4775,1645.81,69.1225
35.7450294,8.2535117,1787,2571,195.18,1016.0275,1772.9925,70.1
36.109332,8.2535117,2036,2240,180.685,976.2075,1909.5275,70.65
36.4736345,8.2535117,2196,3513,179.6325,890.9125,1908.1125,72.6325
36.8379371,8.2535117,1445,342,208.305,1021.0175,1851.7525,77.145
37.2022396,8.2535117,2236,8092,182.2275,829.3725,1611.7125,73.7225
37.5665421,8.2535117,1143,2221,213.0875,1022.275,1211.7125,75.6875
37.9308447,8.2535117,1904,739,183.25,948.0425,1203.495,79.1
38.2951472,8.2535117,3307,6443,124.105,784.02,1217.405,68.695
38.6594497,8.2535117,1856,5784,184.3725,848.745,997.7025,71.595
39.0237523,8.2535117,1841,6797,196.5,1170.3125,827.5,82.6
39.3880548,8.2535117,1685,1619,194.3775,1407.065,846.215,82.145
39.7523573,8.2535117,2735,987,156.0375,528.41,1079.165,60.65
40.1166599,8.2535117,1438,742,212.165,1343.5225,871.7975,62.4
40.4809624,8.2535117,1519,4003,216.875,1241.55,871.0125,59.8625
40.845265,8.2535117,1247,1878,231.0625,1160.2825,725.5325,59.45
41.2095675,8.2535117,1538,5364,215.55,836.1575,787.39,61.4725
41.57387,8.2535117,1186,6295,231.08,800.28,614.44,63.55
41.9381726,8.2535117,1156,409,235.3,740.575,532.85,65.55
42.3024751,8.2535117,1250,2715,233.855,734.24,498.4425,68.035
42.6667776,8.2535117,905,394,248.485,853.39,405.365,74.89
43.0310802,8.2535117,1269,6562,235.035,901.125,443.255,74.6675
43.3953827,8.2535117,1104,7856,245.8625,1016.3,387.95,81.05
43.7596853,8.2535117,1235,3469,236.9425,1100.2175,396.5375,83.3575
44.1239878,8.2535117,1157,25710,237.4275,1174.1725,361.0225,89.2675
44.4882903,8.2535117,931,51762,246.1225,1249.2875,297.5325,98.1575
44.8525929,8.2535117,928,30081,244.3125,1300.8375,276.8875,104.7375
45.2168954,8.2535117,837,3857,247.0675,1345.5375,239.9175,108.5
45.5811979,8.2535117,838,10368,245.35,1354.2775,222.4,113.7975
45.9455005,8.2535117,751,16319,247.8675,1374.18,191.5525,118.5
34.2878193,8.6178142,506,887,272.05,1477.17,925.7875,82.05
34.6521218,8.6178142,1767,5954,207.4775,1110.795,1341.6725,68.73
35.0164244,8.6178142,1313,8615,217.4125,1115.5575,1353.1325,76.6175
35.3807269,8.6178142,1533,12497,203.9,1059.34,1609.735,78.8025
35.7450294,8.6178142,1855,2283,197.3225,1085.8,1810.23,78.9225
36.109332,8.6178142,2079,7590,184.5525,1066.11,1911.2975,79.7575
36.4736345,8.6178142,1324,930,212.73,1319.245,1625.9625,80.0925
36.8379371,8.6178142,1606,4593,211.23,1133.9275,1580.595,80.0
37.2022396,8.6178142,1546,488,203.815,1035.3075,1446.46,78.9525
37.5665421,8.6178142,2132,2183,176.2125,995.0625,1316.625,80.2
37.9308447,8.6178142,2225,1479,171.05,1024.735,1213.2525,84.7325
38.2951472,8.6178142,2183,1205,171.6175,965.83,1141.4025,83.845
38.6594497,8.6178142,2053,837,183.5075,978.225,1010.0,89.5225
39.0237523,8.6178142,1970,9490,193.2,1301.7375,887.7125,98.7875
39.3880548,8.6178142,1462,19843,213.375,1538.6625,766.135,95.37
39.7523573,8.6178142,1165,2279,236.33,1725.7825,643.665,82.105
40.1166599,8.6178142,1655,8347,197.7175,1304.1025,1006.1875,66.25
40.4809624,8.6178142,1449,878,212.7875,1321.7125,958.625,60.0
40.845265,8.6178142,1585,5231,209.12,1086.6375,946.5525,58.3825
41.2095675,8.6178142,1363,5809,221.4275,988.6,766.05,57.0475
41.57387,8.6178142,1342,3304,222.0825,790.1875,684.1525,56.1
41.9381726,8.6178142,1405,7157,224.0875,691.0875,607.8,57.0875
42.3024751,8.6178142,1333,7780,223.2725,704.0925,564.0975,59.865
42.6667776,8.6178142,1309,3789,226.3825,877.475,513.6375,63.05
43.0310802,8.6178142,1163,2795,234.205,1069.3625,454.34,67.8425
43.3953827,8.6178142,1421,9178,222.225,1160.9875,476.525,69.875
43.7596853,8.6178142,1273,29076,229.0025,1297.965,418.2225,74.0175
44.1239878,8.6178142,1214,43126,230.395,1399.205,373.1125,78.195
44.4882903,8.6178142,1137,60868,232.45,1497.49,330.97,84.565
44.8525929,8.6178142,1025,20769,237.1375,1538.8375,282.725,93.4625
34.2878193,8.9821168,741,1777,251.125,1442.1,1000.125,82.0
34.6521218,8.9821168,1755,7829,206.0375,1172.4,1405.425,76.9375
35.0164244,8.9821168,1710,8986,202.1375,1176.825,1506.1125,80.3
35.3807269,8.9821168,1700,9911,198.9125,1210.3,1667.6375,85.2625
35.7450294,8.9821168,1645,715,199.5125,1234.675,1819.925,88.3625
36.109332,8.9821168,1270,4107,220.1125,1852.425,1512.75,86.4
36.4736345,8.9821168,2234,9030,177.6,1119.3125,1996.9625,83.6125
36.8379371,8.9821168,1534,2249,201.8375,1198.65,1452.8875,82.7
37.2022396,8.9821168,1669,6936,198.85,1158.8,1264.6125,82.1875
37.5665421,8.9821168,2288,494,164.125,905.1875,1260.125,85.375
37.9308447,8.9821168,2282,3564,162.2875,969.4625,1135.65,86.9875
38.2951472,8.9821168,2113,3063,175.0375,1085.1625,1058.8,91.8375
38.6594497,8.9821168,2435,4898,154.7125,1057.9875,1144.225,89.5125
39.0237523,8.9821168,2453,6578,163.625,1042.25,1031.6875,89.4375
39.3880548,8.9821168,1913,4039,199.1375,1382.8375,855.3375,92.7
39.7523573,8.9821168,978,12084,249.0125,1906.6375,589.9125,86.0375
40.1166599,8.9821168,989,5485,254.4375,2018.3875,590.7625,72.175
40.4809624,8.9821168,1523,4016,219.6875,1543.125,956.625,62.0625
40.845265,8.9821168,2358,3065,173.2875,950.9875,1158.025,65.475
41.2095675,8.9821168,1343,678,203.0625,986.5875,908.2,60.75
41.57387,8.9821168,1784,5589,197.3625,740.4625,835.075,59.9125
41.9381726,8.9821168,1736,6489,203.0,709.1875,721.625,57.75
42.3024751,8.9821168,1320,2534,222.475,882.2,595.275,57.1875
42.6667776,8.9821168,1554,2179,209.0375,1049.1,613.35,60.8875
43.0310802,8.9821168,1408,1038,211.3375,1279.5625,572.975,64.85
43.3953827,8.9821168,1507,23514,207.4375,1425.5625,560.5625,68.4375
43.7596853,8.9821168,1444,63245,214.35,1575.525,481.4625,70.7375
34.2878193,9.3464193,1101,954,234.3625,1478.435,1060.495,82.7675
34.6521218,9.3464193,1519,6443,206.7675,1363.4825,1316.6675,82.35
35.0164244,9.3464193,1437,3064,210.2775,1324.905,1399.085,87.65
35.3807269,9.3464193,1503,2871,204.9,1339.1475,1602.455,90.65
35.7450294,9.3464193,1528,10251,204.2825,1400.725,1713.2925,92.2925
36.109332,9.3464193,1126,4625,226.8275,1695.0775,1398.1575,92.905
36.4736345,9.3464193,1355,2570,211.46,1484.5375,1423.6625,93.8525
36.8379371,9.3464193,1495,3124,197.035,1237.3425,1415.085,89.0425
37.2022396,9.3464193,2232,2124,163.3775,836.415,1452.48,91.7825
37.5665421,9.3464193,1568,3436,190.4125,1192.95,1082.75,95.525
37.9308447,9.3464193,2546,4748,178.8375,1242.0225,1023.995,97.0725
38.2951472,9.3464193,2476,176,151.2725,1182.0675,1129.92,95.9175
38.6594497,9.3464193,2564,3296,154.505,1230.0775,1075.6025,96.85
39.0237523,9.3464193,2655,249,143.7125,1194.2625,1017.95,100.625
39.3880548,9.3464193,2758,2917,151.9775,1391.9325,932.4275,106.86
39.7523573,9.3464193,1268,1029,223.2825,1645.21,870.695,76.3425
40.1166599,9.3464193,850,1306,261.4,2147.185,551.645,73.5
40.4809624,9.3464193,949,3988,251.4625,2053.225,630.6375,63.975
40.845265,9.3464193,1213,3345,235.04,1778.43,771.4375,62.3
41.2095675,9.3464193,1909,3223,189.775,1115.14,1001.5025,68.165
41.57387,9.3464193,2412,3253,158.9875,768.3175,1040.585,73.2825
41.9381726,9.3464193,2112,4233,178.5625,783.375,822.525,65.6875
42.3024751,9.3464193,1724,2426,193.3225,953.665,724.7825,63.0475
42.6667776,9.3464193,1709,365,188.3,1391.125,740.67,65.0425
43.0310802,9.3464193,1747,5382,187.1375,1586.805,719.1525,70.0525
43.3953827,9.3464193,1570,31772,201.325,1785.5625,611.4375,72.7375
34.2878193,9.7107218,1303,5480,244.8175,1601.4,986.97,85.2475
34.6521218,9.7107218,1810,8704,205.015,1419.49,1300.94,86.165
35.0164244,9.7107218,1500,2506,207.0175,1373.9375,1446.5125,91.05
35.3807269,9.7107218,1749,2722,201.6,1410.92,1667.8825,93.0525
35.7450294,9.7107218,873,451,236.205,1533.0125,1362.27,96.05
36.109332,9.7107218,1158,2139,224.5225,1512.17,1440.48,97.0075
36.4736345,9.7107218,1833,9565,189.8525,1239.525,1685.26,91.47
36.8379371,9.7107218,1461,5932,201.5875,1271.89,1378.95,94.5275
37.2022396,9.7107218,2241,807,159.2675,872.93,1528.5125,93.8475
37.5665421,9.7107218,2281,6663,176.2125,1131.575,1177.1,100.5125
37.9308447,9.7107218,1812,6492,189.525,1418.965,1022.0425,103.465
38.2951472,9.7107218,1756,4439,193.6425,1522.855,946.8175,104.8075
38.6594497,9.7107218,2845,4837,128.3825,1305.4825,1157.425,103.45
39.0237523,9.7107218,2578,3112,153.1875,1272.8375,965.1125,106.125
39.3880548,9.7107218,2674,1534,152.815,1411.5125,920.3725,112.585
39.7523573,9.7107218,2736,541,143.8825,1385.51,1066.55,99.1075
40.1166599,9.7107218,819,961,253.1125,2171.4125,673.9325,72.6775
40.4809624,9.7107218,787,6747,252.9125,2245.525,571.65,73.6875
40.845265,9.7107218,770,1798,252.4475,2240.6525,531.0625,73.3125
41.2095675,9.7107218,877,6054,253.25,2213.4525,538.37,71.1975
41.57387,9.7107218,967,480,252.885,2227.9825,564.1,72.0175
41.9381726,9.7107218,956,1561,255.7625,2337.7375,535.1,70.3375
42.3024751,9.7107218,1266,3001,231.915,2031.555,598.8125,67.95
42.6667776,9.7107218,1683,1709,192.925,1829.68,741.1675,69.15
43.0310802,9.7107218,1741,1519,191.415,1989.565,694.9175,73.05
34.2878193,10.0750244,635,5644,267.3,1814.795,888.4225,89.6
34.6521218,10.0750244,1551,4442,220.8725,1580.815,1228.76,89.8
35.0164244,10.0750244,1019,1165,232.375,1557.265,1278.5275,94.2925
35.3807269,10.0750244,731,3874,254.655,1544.7425,1201.1875,97.4775
35.7450294,10.0750244,991,2799,240.345,1491.8875,1374.445,98.7525
36.109332,10.0750244,1088,4563,229.2775,1430.2025,1466.4075,99.4325
36.4736345,10.0750244,2074,5868,181.87,1115.1475,1771.3675,91.035
36.8379371,10.0750244,1736,5402,190.1575,1147.6575,1534.615,94.5525
37.2022396,10.0750244,1019,908,214.8225,1339.135,1212.9075,101.71
37.5665421,10.0750244,1200,848,218.9375,1420.975,1067.275,104.9375
37.9308447,10.0750244,1645,2077,194.425,1506.6625,1063.0525,105.0575
38.2951472,10.0750244,1394,1339,202.03,1573.0225,950.9125,107.3775
38.6594497,10.0750244,1278,1739,207.075,1530.2675,876.18,105.2475
39.0237523,10.0750244,1877,6542,190.3625,1367.4375,902.6875,99.8625
39.3880548,10.0750244,1818,41,172.09,1176.6,969.145,98.13
39.7523573,10.0750244,2977,7448,153.55,1345.2475,1060.685,97.8425
40.1166599,10.0750244,1000,598,236.035,2124.0125,995.4775,68.15
40.4809624,10.0750244,569,322,254.1625,2335.375,476.475,89.0625
40.845265,10.0750244,1304,4077,240.4725,2276.1425,610.2025,79.23
41.2095675,10.0750244,782,7320,257.2225,2464.5425,452.9575,80.9725
41.57387,10.0750244,710,1012,265.565,2599.6575,408.195,79.1
41.9381726,10.0750244,723,7564,269.7875,2710.375,373.0375,77.65
42.3024751,10.0750244,819,427,261.915,2713.9125,380.005,73.9325
42.6667776,10.0750244,1118,2496,235.9225,2603.205,464.725,72.495
34.6521218,10.4393269,1062,424,243.0875,1765.575,1154.5,93.8375
35.0164244,10.4393269,645,1662,263.2,1677.825,1107.3,98.3125
35.3807269,10.4393269,812,7503,249.1625,1549.7,1291.9,99.8
35.7450294,10.4393269,1455,772,199.625,1329.8875,1750.8875,96.575
36.109332,10.4393269,1615,1950,201.0875,1257.2,1762.725,97.9
36.4736345,10.4393269,920,3139,242.3,1385.2875,1387.125,104.575
36.8379371,10.4393269,1492,9663,209.725,1209.3125,1482.6875,100.7125
37.2022396,10.4393269,1993,4419,190.325,1132.075,1427.2,98.725
37.5665421,10.4393269,2378,7213,166.125,1126.625,1392.125,94.6875
37.9308447,10.4393269,2547,1931,153.6,1170.05,1317.95,97.55
38.2951472,10.4393269,2093,4023,175.9875,1396.075,1107.2375,106.775
38.6594497,10.4393269,2146,6809,191.8,1375.625,960.7875,106.9625
39.0237523,10.4393269,2019,6273,189.0,1259.375,931.8125,100.3125
39.3880548,10.4393269,2681,663,153.2875,1148.8875,1067.2875,101.1
39.7523573,10.4393269,3268,2409,124.475,1268.625,1161.275,101.975
40.1166599,10.4393269,1253,5768,226.9375,2016.9125,942.9,75.4625
40.4809624,10.4393269,612,6069,254.625,2331.125,492.5,89.4375
40.845265,10.4393269,706,8191,250.25,2407.1625,480.025,86.95
41.2095675,10.4393269,704,4450,259.9,2584.3375,398.35,85.7375
41.57387,10.4393269,676,257,266.825,2758.35,355.6,83.4
41.9381726,10.4393269,684,3898,271.0625,2906.6875,314.625,82.0625
42.3024751,10.4393269,887,1419,260.7125,2975.4875,333.65,76.025
42.6667776,10.4393269,875,3783,251.8125,3055.9,327.6375,72.45
34.6521218,10.8036294,853,3977,265.755,1795.8025,1035.76,97.5975
35.0164244,10.8036294,715,2145,264.505,1669.865,1112.2225,101.405
35.3807269,10.8036294,713,2762,260.8425,1560.0975,1220.115,104.1
35.7450294,10.8036294,1314,4149,233.7675,1406.595,1539.985,103.6975
36.109332,10.8036294,1032,1842,231.33,1332.07,1638.4825,105.1725
36.4736345,10.8036294,1734,6005,194.2675,1109.2275,1778.455,98.7225
36.8379371,10.8036294,2143,1955,165.05,873.63,1776.95,90.0175
37.2022396,10.8036294,2242,6776,165.6775,902.685,1638.9925,92.4925
37.5665421,10.8036294,2289,1145,153.7625,949.475,1557.725,95.2125
37.9308447,10.8036294,2906,2219,124.3575,941.995,1528.275,98.05
38.2951472,10.8036294,1987,4421,185.4075,1224.81,1116.7075,110.33
38.6594497,10.8036294,2523,4969,174.9475,1156.335,1067.125,108.0825
39.0237523,10.8036294,2491,6827,146.3375,1059.1375,1129.8625,105.875
39.3880548,10.8036294,3014,850,130.38,1147.08,1157.6075,104.15
39.7523573,10.8036294,1686,3807,198.2675,1691.595,1015.33,88.765
40.1166599,10.8036294,1171,3003,230.89,1928.8675,805.185,83.6825
40.4809624,10.8036294,600,3636,258.9375,2281.275,457.75,90.175
40.845265,10.8036294,787,270,252.9275,2399.0775,448.7025,86.9475
41.2095675,10.8036294,504,5073,272.29,2683.3625,295.945,90.7425
41.57387,10.8036294,761,3924,271.35,2871.51,291.95,86.445
41.9381726,10.8036294,830,4116,269.075,3056.625,283.875,81.9625
42.3024751,10.8036294,656,3098,277.9225,3285.9375,216.15,81.4875
42.6667776,10.8036294,734,4705,268.885,3449.0825,205.9125,68.585
35.0164244,11.167932,597,6041,272.185,1626.4325,1027.785,106.035
35.3807269,11.167932,670,856,265.7775,1535.05,1169.565,107.55
35.7450294,11.167932,822,4031,256.6975,1433.275,1340.4475,108.2475
36.109332,11.167932,945,1077,242.7375,1322.3125,1562.4325,109.55
36.4736345,11.167932,1265,1896,221.38,1172.4325,1754.4625,109.115
36.8379371,11.167932,2328,4140,163.0975,791.5925,1659.7975,94.75
37.2022396,11.167932,2116,504,162.0825,884.0075,1624.74,98.305
37.5665421,11.167932,2385,2301,161.2125,971.7125,1551.8125,102.5375
37.9308447,11.167932,1833,2490,198.375,1173.3425,1206.1925,115.185
38.2951472,11.167932,1677,1144,196.235,1148.435,1088.2825,114.45
38.6594497,11.167932,1467,356,195.7825,1138.05,989.15,110.55
39.0237523,11.167932,3049,4520,134.75,1039.5125,1142.1125,110.35
39.3880548,11.167932,2771,7983,143.7175,1220.81,1108.6225,101.6825
39.7523573,11.167932,2188,1843,169.12,1480.7525,1107.7,88.7975
40.1166599,11.167932,1178,4329,229.07,1717.2825,757.1875,84.3825
40.4809624,11.167932,610,5635,262.6125,2230.9875,417.7875,89.95
40.845265,11.167932,470,2636,272.95,2502.3375,292.45,91.32
41.2095675,11.167932,392,4565,278.6475,2759.645,229.095,88.605
41.57387,11.167932,369,3297,287.51,3018.1675,183.04,92.03
35.3807269,11.5322345,640,1810,270.45,1529.2325,1087.6,111.0
35.7450294,11.5322345,839,6110,259.265,1414.865,1267.4625,111.3825
36.109332,11.5322345,1029,1830,239.445,1258.8575,1480.41,111.34
36.4736345,11.5322345,1147,2596,235.7,1197.7775,1509.1775,113.8725
36.8379371,11.5322345,2311,5927,170.9775,904.9775,1532.0225,104.9875
37.2022396,11.5322345,1924,7758,185.2575,1203.5925,1460.6775,117.35
37.5665421,11.5322345,2020,4308,194.575,1256.9625,1353.725,120.675
37.9308447,11.5322345,2701,3186,156.6975,1116.795,1480.0775,113.9475
38.2951472,11.5322345,2175,737,160.6625,1055.8825,1269.355,116.95
38.6594497,11.5322345,1884,2482,196.4,1073.0575,958.4675,114.5
39.0237523,11.5322345,2312,1501,162.025,1072.0125,985.6125,111.6625
39.3880548,11.5322345,2377,5784,158.3475,1265.435,981.275,102.3175
39.7523573,11.5322345,1455,2875,207.875,1418.9575,911.9875,82.0675
40.1166599,11.5322345,921,946,246.71,1862.35,585.2325,84.8275
40.4809624,11.5322345,656,2429,261.25,2173.95,408.625,86.825
40.845265,11.5322345,469,2847,274.6625,2495.1525,260.7475,88.995
41.2095675,11.5322345,526,3740,275.075,2745.25,213.7525,79.3075
41.57387,11.5322345,343,2619,289.35,3057.3525,145.6975,82.39
35.3807269,11.896537,565,571,276.15,1527.0375,983.95,115.2125
35.7450294,11.896537,683,3384,271.0125,1405.1875,1099.2625,114.5875
36.109332,11.896537,915,1260,254.35,1288.775,1256.2,114.4
36.4736345,11.896537,929,2028,253.625,1228.7375,1251.925,116.3625
36.8379371,11.896537,2168,1450,185.5125,1105.0375,1405.5875,113.6625
37.2022396,11.896537,1788,4252,197.9875,1258.625,1306.2375,123.65
37.5665421,11.896537,1788,2447,203.5,1196.0625,1195.5625,127.25
37.9308447,11.896537,2306,5230,175.0375,1242.5625,1278.1375,123.75
38.2951472,11.896537,2134,1367,173.7125,1116.5375,1118.85,123.2125
38.6594497,11.896537,2026,1087,184.4875,1012.75,926.7,120.6125
39.0237523,11.896537,1983,1359,171.75,1098.6875,877.5,114.0625
39.3880548,11.896537,3461,1854,111.5125,1274.7625,1026.5375,113.6
39.7523573,11.896537,1484,3273,213.4,1565.65,849.05,80.2
40.1166599,11.896537,867,1723,252.8375,1905.7375,524.0875,83.1125
40.4809624,11.896537,710,976,261.1875,2164.625,397.75,83.0
40.845265,11.896537,457,7097,277.6875,2496.425,241.275,84.3
41.2095675,11.896537,479,7638,283.2875,2773.05,172.925,79.4375
41.57387,11.896537,440,429,279.3625,3038.7125,171.8125,72.3375
41.9381726,11.896537,593,2326,275.6875,3350.8125,186.375,63.5
35.7450294,12.2608396,617,2539,276.9625,1396.52,985.0625,116.9425
36.109332,12.2608396,1146,3048,251.7075,1260.9125,1164.6675,115.7025
36.4736345,12.2608396,843,454,261.18,1247.995,1106.8875,117.65
36.8379371,12.2608396,1671,3808,228.3825,1181.5875,1183.3625,118.65
37.2022396,12.2608396,1876,4254,207.7325,1201.32,1122.8825,119.6825
37.5665421,12.2608396,1854,3838,204.6875,1206.4625,1068.9375,123.8875
37.9308447,12.2608396,1989,1005,178.415,1159.07,1085.775,124.6875
38.2951472,12.2608396,1713,603,203.3675,1090.36,871.665,128.0
38.6594497,12.2608396,1692,1332,197.4025,1083.17,831.0725,122.385
39.0237523,12.2608396,1982,405,177.7375,1178.775,801.1625,117.3125
39.3880548,12.2608396,2581,6368,175.0475,1454.6775,788.4125,106.64
39.7523573,12.2608396,2050,2491,223.97,1748.2625,770.035,83.9
40.1166599,12.2608396,752,5446,262.155,1971.5375,460.3875,82.755
40.4809624,12.2608396,708,25310,267.35,2202.275,361.5,79.25
40.845265,12.2608396,509,11510,271.905,2448.96,279.0475,74.205
41.2095675,12.2608396,624,20889,270.9825,2703.2225,235.6525,68.3
41.57387,12.2608396,130,14163,284.1175,2995.6625,166.1025,65.6025
41.9381726,12.2608396,402,2991,289.975,3292.1375,141.85,64.625
35.7450294,12.6251421,536,2873,285.05,1420.6,872.5225,118.6225
36.109332,12.6251421,625,6717,282.0225,1312.3725,931.43,117.765
36.4736345,12.6251421,974,4962,263.89,1291.45,1008.8125,118.15
36.8379371,12.6251421,1632,3859,236.235,1304.23,1069.245,119.0275
37.2022396,12.6251421,1827,2236,207.99,1352.6075,1096.8875,116.9975
37.5665421,12.6251421,2393,3575,169.7375,1311.2,1147.5875,114.25
37.9308447,12.6251421,1697,2041,211.9975,1316.165,915.8525,125.6325
38.2951472,12.6251421,1623,1708,219.5375,1316.2725,816.9725,128.05
38.6594497,12.6251421,1649,864,209.3425,1228.03,769.5275,126.0775
39.0237523,12.6251421,2341,11190,186.2875,1261.025,750.075,120.8
39.3880548,12.6251421,2831,4950,154.1975,1520.1525,771.4375,114.515
39.7523573,12.6251421,1554,2393,226.26,1809.18,705.7325,88.5225
40.1166599,12.6251421,740,7134,268.25,1979.105,419.47,78.4
40.4809624,12.6251421,1068,15106,260.7375,2148.8375,401.8375,72.4375
40.845265,12.6251421,590,2205,278.4175,2429.945,257.265,68.87
41.2095675,12.6251421,289,7565,292.0325,2721.3675,171.5025,62.9925
41.57387,12.6251421,370,5199,291.31,2945.4,146.6225,62.285
41.9381726,12.6251421,462,10134,282.4625,3119.575,158.925,52.675
36.4736345,12.9894447,989,2705,267.94,1380.2975,921.8975,118.545
36.8379371,12.9894447,1024,2065,255.675,1425.925,940.3725,121.0575
37.2022396,12.9894447,1302,6744,233.485,1492.735,972.2425,120.4175
37.5665421,12.9894447,1290,3041,229.9,1559.3125,930.2625,123.1
37.9308447,12.9894447,2539,2825,170.9325,1262.1775,931.855,124.055
38.2951472,12.9894447,2408,3274,150.235,1180.0275,906.685,127.0825
38.6594497,12.9894447,1424,4540,237.315,1556.8575,708.2925,127.5425
39.0237523,12.9894447,1465,2855,235.0375,1470.925,654.575,121.75
39.3880548,12.9894447,2511,4788,178.2425,1501.3375,630.8875,127.495
39.7523573,12.9894447,1622,5356,215.8225,1696.6425,591.87,99.175
40.1166599,12.9894447,759,12921,262.9825,1916.7625,438.505,71.245
40.4809624,12.9894447,410,8079,282.0625,2195.85,295.3625,64.6375
40.845265,12.9894447,121,21906,295.92,2467.81,196.015,60.2275
41.2095675,12.9894447,-97,11413,307.4375,2709.3725,126.7725,58.4
41.57387,12.9894447,82,3784,298.77,2868.805,130.92,55.11
41.9381726,12.9894447,361,2395,286.25,2990.3125,144.825,51.1125
36.4736345,13.3537472,706,2379,280.8625,1504.7375,790.4625,121.75
36.8379371,13.3537472,911,7596,271.05,1546.7125,819.8625,123.525
37.2022396,13.3537472,1884,6410,221.775,1568.325,949.35,122.8
37.5665421,13.3537472,1681,3390,230.8125,1754.75,902.75,126.0
37.9308447,13.3537472,1686,3998,231.8375,1857.0125,851.525,128.8125
38.2951472,13.3537472,3777,3532,107.0125,1194.45,940.875,123.3625
38.6594497,13.3537472,1505,4335,237.8625,1761.8,705.5,130.2625
39.0237523,13.3537472,1517,5165,233.3125,1562.25,666.25,131.9375
39.3880548,13.3537472,2166,4364,185.675,1411.7625,589.1375,141.675
39.7523573,13.3537472,1464,313,216.65,1584.2875,554.425,100.9125
40.1166599,13.3537472,795,2683,261.8375,1852.225,445.85,61.1375
40.4809624,13.3537472,-14,3444,304.75,2284.25,201.875,57.625
40.845265,13.3537472,-87,7130,307.6625,2473.0125,160.1875,55.5125
41.2095675,13.3537472,23,571,302.175,2638.975,145.85,52.225
41.57387,13.3537472,860,4659,256.0875,2573.25,291.8375,46.425
36.4736345,13.7180497,598,502,284.955,1648.3525,697.9375,126.405
36.8379371,13.7180497,708,1081,277.6,1655.33,731.1675,127.165
37.2022396,13.7180497,1434,3071,242.99,1774.55,856.82,128.15
37.5665421,13.7180497,931,3291,263.45,2013.7375,760.4375,128.325
37.9308447,13.7180497,1162,3347,254.2,2234.0425,769.84,128.955
38.2951472,13.7180497,1393,3318,241.695,2141.0725,765.7,129.7925
38.6594497,13.7180497,1127,162,231.0975,1839.0825,717.6825,130.055
39.0237523,13.7180497,1857,3862,210.95,1509.25,685.875,133.225
39.3880548,13.7180497,2074,4318,186.915,1438.82,617.74,123.2
39.7523573,13.7180497,2354,5123,176.8775,1577.52,595.2475,101.2525
40.1166599,13.7180497,574,2764,276.7275,1920.95,381.1525,50.105
40.4809624,13.7180497,-20,9190,302.6625,2275.5875,213.2375,50.6375
40.845265,13.7180497,-87,2830,305.61,2460.0725,169.01,52.06
41.2095675,13.7180497,552,4280,269.9175,2415.1175,277.5,46.665
36.8379371,14.0823523,747,5092,273.295,1743.985,683.5175,129.955
37.2022396,14.0823523,909,1630,264.3675,1859.8025,727.19,130.4275
37.5665421,14.0823523,858,1305,269.3625,2022.5375,695.25,130.1375
37.9308447,14.0823523,1161,3256,261.4775,2269.575,732.0925,130.2225
38.2951472,14.0823523,1895,6799,210.0325,1798.69,866.3075,133.5
38.6594497,14.0823523,2024,793,186.4825,1539.44,687.785,133.8525
39.0237523,14.0823523,2220,539,188.3875,1537.8,640.8625,123.325
39.3880548,14.0823523,2086,5505,186.665,1521.2525,627.2775,97.2025
39.7523573,14.0823523,2644,1967,171.255,1558.35,653.325,74.9
40.1166599,14.0823523,686,2942,269.1175,1872.9475,436.68,46.3825
40.4809624,14.0823523,-116,3726,306.8875,2350.375,196.625,54.475
37.5665421,14.4466548,0,11601,262.5875,1922.2625,676.8625,134.2
37.9308447,14.4466548,1227,4344,259.49,2201.9425,725.6425,131.5525
38.2951472,14.4466548,1581,1462,241.85,2044.6775,733.94,127.9725
39.0237523,14.4466548,1657,4379,206.175,1549.775,661.6,102.3375
39.3880548,14.4466548,2441,1376,171.225,1470.7925,563.4775,102.125
39.7523573,14.4466548,1895,5103,218.01,1525.625,776.83,41.95
40.1166599,14.4466548,94,5907,287.68,2122.275,320.7675,53.8675
37.9308447,14.8109573,1118,3339,258.7625,1703.1625,602.1,130.6125
