Cluster ID,lng,lat,number_examined,number_vaccinated
31092,40.903244,-2.276568,15,13
36297,40.893015,-2.254896,5,3
37140,36.799764,1.775687,3,3
37836,37.844197,0.779573,20,14
39313,38.11799,2.775784,7,6
42326,39.069807,1.071336,15,8
46172,37.350936,0.971251,15,8
50902,38.945918,0.971676,10,6
51205,35.527094,0.621299,16,13
52580,40.896914,-2.281413,7,5
52754,40.699711,-2.384338,7,4
54306,40.461242,-2.373058,9,9
58164,37.57875,0.401648,13,12
60443,38.945492,1.610971,21,12
61968,37.285043,4.111863,16,8
64731,39.201026,3.201147,15,12
66189,41.420771,3.820418,6,5
67033,40.056995,1.737204,24,16
68291,35.075979,1.342811,21,15
69516,40.884337,-2.281817,14,8
71587,40.903534,-2.295544,5,5
76412,39.962449,-1.937471,27,20
77152,37.350991,1.270667,15,10
80094,39.99367,3.850586,14,4
81096,39.051938,3.522562,8,7
82119,37.496904,0.509139,16,13
82492,39.077476,3.528306,14,7
88553,39.259385,1.034683,19,12
88598,40.895725,-2.260345,11,7
89116,39.611709,-0.477675,14,10
89897,37.986691,2.341871,12,11
90535,40.918399,2.83275,18,18
90592,37.838373,1.592403,17,11
92495,40.893627,-2.26229,13,10
92962,37.943391,2.329184,12,9
95176,40.898595,-2.271991,5,2
96410,38.391979,0.615075,16,12
96786,40.886418,-2.271723,12,6
99285,40.796932,2.722217,23,18
100703,36.511651,0.940233,20,14
101630,38.209923,0.424127,18,14
101725,40.040284,1.759407,21,14
102532,36.57416,0.329651,18,8
103422,37.092353,0.612394,15,10
103748,36.993589,0.635689,13,12
103783,38.418537,3.112698,21,9
104005,39.531933,1.030099,19,14
104499,40.052482,1.731009,15,8
104588,34.946663,-0.584788,9,8
104891,40.691396,-2.375449,8,4
108037,40.891375,-2.254498,18,11
108562,40.444771,3.02255,20,13
108575,37.721797,0.548846,29,22
108982,40.015477,-1.492789,20,16
113035,40.068543,-1.51826,13,9
113431,36.949102,0.972604,28,9
114357,36.999847,-0.15794,10,7
120060,40.087625,1.742253,25,14
120339,35.534084,0.585327,11,10
120393,40.899323,-2.268796,8,5
120768,34.962564,-0.617678,8,5
120919,37.216211,3.045764,12,7
124394,35.447601,0.654684,8,6
126248,38.379129,-3.396853,13,9
128359,37.573582,0.348003,16,11
128512,37.361626,1.047499,18,9
132502,40.696376,-2.345333,13,12
132854,40.221922,3.398805,14,5
133477,39.76162,-0.694972,25,11
133560,40.952211,3.48595,11,2
135024,41.553871,3.570919,3,1
135613,38.497561,0.87393,17,14
135753,37.260932,0.915885,14,6
139617,40.725471,-2.426329,9,6
141905,40.371237,-2.405671,24,19
142271,40.890976,-2.263761,9,5
142535,40.191477,-2.420697,11,10
144412,40.800789,2.954219,1,1
144506,36.387225,0.032636,4,3
145014,37.437385,0.650635,19,16
145478,37.988364,2.186941,12,10
146448,33.971877,0.096849,21,15
148802,40.549668,-2.480266,22,18
149069,37.148442,1.179216,21,13
149268,39.994442,-2.226168,23,16
151786,37.581132,0.336422,17,11
153225,41.225423,3.930243,7,4
156354,35.110182,1.252731,7,5
156790,36.977064,0.601502,23,18
157322,36.272932,4.38586,11,5
157644,36.670585,1.278136,25,18
158558,36.792099,1.792303,22,13
158613,38.214759,0.515633,18,16
161588,34.349824,4.194907,9,8
162022,35.082077,1.183623,15,6
162678,38.673005,0.466938,18,11
163796,40.240589,-2.482511,32,21
164172,39.628639,-0.474145,8,8
164400,38.018753,2.498319,18,13
165271,39.73302,-1.051664,14,8
166005,38.734511,-3.566665,6,5
166340,34.164287,-0.832691,13,9
166908,40.057665,-1.546487,34,19
167992,40.486574,-2.080532,9,6
168171,35.87216,0.640893,7,7
168999,37.554803,0.358663,16,11
171745,37.595143,0.36916,14,12
172402,37.339581,-0.668495,9,9
172847,39.681839,0.150229,26,19
173289,35.623087,1.236726,1,0
173882,39.056259,3.45067,13,9
174067,40.04892,1.762255,23,20
175573,41.072253,3.16276,13,6
176230,36.86802,1.800532,13,9
176868,37.600768,-1.891727,13,10
178173,40.010772,-1.501885,22,18
178589,40.761294,-2.389919,6,3
180460,35.780979,1.575329,10,5
181808,36.37595,0.009343,9,7
183017,40.855722,-2.228304,13,11
183264,37.571966,0.330629,10,8
183376,40.663143,-2.357282,6,4
184670,40.881739,-2.281916,2,2
185174,41.026867,-2.107669,16,12
185541,36.704229,1.096313,12,10
186498,40.047056,1.735749,15,8
188608,37.584824,0.332453,6,4
188665,39.260371,2.430104,24,5
188786,37.978154,2.347209,10,8
189763,37.662761,-0.342744,8,6
190355,40.478765,-2.490288,35,16
191128,36.252849,3.419054,11,7
192356,40.213231,-2.417757,17,13
194723,41.294533,3.226058,18,5
194895,39.137667,0.598073,14,7
196190,38.745586,0.37825,18,8
196995,36.701646,1.109832,5,4
197595,35.43605,0.679257,13,10
197752,37.574888,0.398065,17,15
198566,40.376952,2.953971,2,0
198631,40.155853,-2.114905,18,8
198962,35.616125,1.258513,7,5
199040,39.655837,-0.454445,10,5
199195,39.039967,3.514832,5,5
199949,40.570612,-2.387769,10,7
202432,35.118504,1.23985,8,6
203263,35.12757,1.267604,26,19
203702,40.93322,0.906832,28,8
204596,38.859705,0.204568,16,9
206857,40.923599,2.807249,11,10
207975,36.690853,0.996707,19,13
209380,38.560319,-3.370572,1,1
209719,35.322466,-0.72113,10,7
210355,38.671736,1.082906,16,14
211065,39.071901,3.516632,14,8
211931,40.079789,1.749335,19,15
211964,36.710179,-0.204571,12,10
213620,41.065312,-2.12993,13,5
213637,38.381954,-3.636601,15,10
214156,40.026117,-0.658514,23,15
214666,40.856728,2.86225,5,1
215874,37.727736,1.486343,29,20
216213,36.699215,1.10002,15,13
216233,36.839895,1.004152,25,17
216417,39.274398,0.415822,16,10
216866,40.050532,1.732988,19,9
217749,38.915554,2.740703,26,15
217790,35.505075,0.543091,20,16
219783,40.031926,1.762477,22,10
219800,38.573271,-3.380176,11,9
220830,37.273127,-1.36106,5,4
221375,36.8251,0.836337,17,12
223880,40.361414,-2.358999,23,18
224681,35.093977,1.250327,19,10
228781,39.073347,3.514961,10,7
229713,38.616363,1.00982,17,14
231834,34.730426,-0.587201,12,7
232821,40.166284,-1.6991,6,4
233108,36.692565,1.103986,25,19
233895,35.105652,1.245239,12,9
234268,38.028504,2.227143,20,14
234299,38.228155,0.305212,11,7
235689,37.676841,-3.398621,5,5
237329,35.282781,1.071849,12,7
237363,40.109061,1.783209,27,16
238476,40.796138,-1.815831,11,10
238682,39.8018,3.513137,18,7
239192,37.570374,0.336936,4,3
240663,35.558513,0.774894,20,17
244517,35.494241,0.843381,15,10
245804,40.437182,0.270993,22,11
245838,40.722602,-2.365013,12,10
246216,38.379688,-3.505407,11,9
247753,39.64313,-0.430331,23,15
248906,35.879183,-1.085177,10,8
249018,34.256786,0.627666,11,10
250723,37.327215,0.969764,9,7
251875,35.507954,0.646725,7,7
252161,38.454961,-3.385064,11,9
252260,35.97655,0.472783,12,9
253662,37.108933,-0.801401,13,12
253992,37.680804,-3.396215,13,13
254004,37.569209,0.351077,17,10
255570,38.5702,-3.397599,7,6
255740,41.143183,-2.092042,18,10
255754,36.924679,0.752066,23,12
256286,40.186981,0.258031,20,12
256746,37.620339,-0.238827,3,3
258053,36.711134,1.071623,15,11
258636,40.166019,3.883508,8,2
259454,38.266454,-3.280824,12,7
259462,35.92043,0.000775,17,12
259874,35.578603,3.113007,17,12
261049,35.646182,-0.040252,10,9
261054,39.923949,-1.234241,22,15
262162,39.275261,-0.058799,15,15
262334,34.977289,3.016744,12,10
262644,39.603718,-0.463706,15,11
262853,35.468155,0.638806,14,14
263617,41.854088,3.945475,17,14
263963,35.112086,1.056414,10,7
265420,39.040091,3.501083,7,5
265548,38.643362,3.558458,3,3
265704,37.599764,0.364467,19,15
267598,35.037403,-0.892797,10,8
269666,36.761623,2.222477,13,10
272602,41.846126,3.922731,20,13
273417,39.614322,-4.115351,6,4
274454,35.130607,2.698301,19,15
275299,35.642413,-1.003934,27,20
276388,40.170556,-1.689187,16,9
276659,38.002016,-0.037748,7,7
276982,37.681742,2.922901,6,5
277111,34.269893,-0.097559,16,11
279016,34.993109,1.348723,30,18
279751,39.422847,1.638288,16,4
280986,34.873884,-0.502671,5,5
282052,39.910248,-1.177903,14,10
285268,37.270725,-0.487278,4,2
285857,40.549905,-2.334056,7,6
286628,38.073275,-1.295143,14,11
286703,36.462429,0.588508,35,26
289921,40.225284,-2.493213,14,11
290403,36.372669,0.146224,10,8
291324,38.619472,-3.526174,5,3
291614,35.233769,-0.883526,9,8
292204,35.735484,0.469609,14,10
292878,39.559847,-4.193787,11,9
293031,35.107209,1.260869,12,8
294374,36.222345,0.668514,18,10
294941,40.506317,0.155825,13,6
295028,37.636498,-0.332799,2,1
295432,36.514161,1.194558,21,13
295494,37.650913,0.632382,10,8
296001,35.022081,-0.75192,13,9
296950,39.296965,-0.231804,21,2
297122,35.981429,1.59809,8,4
297585,37.998804,2.342909,12,10
299217,37.459641,-0.543565,8,5
299263,36.379811,0.010667,12,11
300434,40.027555,-1.485353,9,7
302387,37.596728,0.368044,17,16
302724,38.046437,0.021916,9,9
305846,34.156075,0.49486,10,7
308435,39.555614,-4.277202,9,6
312358,36.916336,2.244301,26,15
312368,40.943983,3.425329,16,6
312810,34.810802,-1.229738,16,13
316471,38.558575,-3.399587,14,11
317040,39.901649,0.637567,15,10
317205,35.00743,-0.445868,7,5
317744,36.374036,-0.341872,11,10
319351,40.101387,-1.68287,22,16
320343,39.216323,-1.546127,30,22
320570,40.881635,3.941672,17,3
321485,34.605629,0.108326,11,10
322045,34.83924,3.738812,30,26
322070,37.217052,1.08936,18,5
322321,35.561962,0.462461,10,8
323276,34.964385,-0.638539,7,5
326025,35.715722,0.061395,8,6
327615,34.369895,-0.979191,24,11
328357,34.786786,-0.685521,5,4
329347,37.48083,-0.527757,11,9
329749,37.0134,-0.034381,7,6
329860,39.776863,-0.602493,28,19
330592,36.765065,2.364527,28,16
331071,35.727812,4.240608,6,5
331605,36.33294,-0.010617,12,11
332585,37.449074,-0.544259,8,7
332759,34.334697,4.21766,22,12
332870,36.204693,-1.007501,28,19
334572,40.031235,-1.42132,19,17
335330,34.953521,-0.775312,12,11
336085,34.56349,0.023385,17,15
338238,34.722816,0.114844,8,8
338466,35.320424,1.256406,18,10
339175,35.861537,4.443671,18,11
339536,37.368223,-0.684659,4,3
339851,36.550562,-1.659861,18,5
339864,37.521167,1.978691,11,7
340704,39.226841,-4.198204,32,17
340923,35.312927,-0.007546,28,23
341114,40.10244,-2.285589,18,13
343725,35.458152,1.237212,21,8
344312,35.64378,2.941321,19,15
344396,35.319324,-0.762671,12,12
346324,34.907684,-0.499335,17,10
347016,37.553789,-0.37126,9,8
348692,34.717661,-0.611955,16,14
350383,39.98244,-1.601712,21,18
350824,36.970946,-0.426272,10,8
351341,34.77114844,3.579393,18,9
351511,36.727228,1.051303,24,20
352102,37.539932,-0.41061,5,4
352548,36.283538,0.050672,12,11
352728,37.454053,1.854861,17,15
353865,37.676715,-0.330977,6,4
354247,37.485643,-0.581036,4,3
354475,34.464601,-1.094678,15,13
355583,35.878596,-1.087034,10,4
356896,34.749846,-1.061921,13,9
356928,40.918588,2.790405,10,10
357502,36.350323,0.061349,9,8
357568,38.834792,1.958061,17,15
357946,37.576506,3.776048,15,13
358417,35.0772,2.130217,25,11
359256,35.945295,0.85856,22,13
359610,36.719993,1.074208,22,16
359616,35.194855,1.696733,17,3
360323,38.310817,-3.398612,4,4
360973,37.664408,-0.255498,3,3
362955,34.47001,-0.13303,12,10
363268,34.261595,0.577623,12,10
363708,37.540571,-2.830255,22,15
364212,35.739763,0.494009,11,8
365167,34.1215,0.454,6,4
365204,40.193816,-1.834079,19,14
365363,40.680457,2.639338,2,2
366234,38.34636,-3.385227,6,4
366334,40.918708,2.816252,23,12
367460,35.217811,0.434459,11,10
368039,34.295319,0.059374,13,12
369151,35.525685,0.492566,10,6
369341,36.097511,-1.937878,21,15
369672,35.047133,-0.702665,9,8
370943,34.648964,0.02467,3,2
372758,40.814391,-2.172063,6,6
374247,37.286375,-0.483921,8,8
374306,35.641617,1.166346,16,12
374565,34.710857,0.078289,9,8
375456,35.517833,-0.255458,12,10
375881,34.721793,0.093099,10,9
378354,34.713821,0.0525,16,15
378632,36.767768,0.024436,14,11
378973,37.070953,0.004409,8,7
379016,34.528511,0.079429,5,4
379420,37.222938,-0.47321,7,5
379868,34.870032,-0.73235,17,12
379934,35.382101,1.457789,23,17
380067,35.757143,0.492055,20,16
380138,37.157419,1.643007,13,12
380282,37.342893,-0.68368,2,2
380745,39.63916,-0.468206,12,8
382772,34.963865,1.008514,9,5
384548,38.359547,-3.397673,10,10
384747,40.775623,3.933325,9,2
385850,34.381041,-0.062453,9,9
386108,39.636497,-0.458232,10,9
387072,40.42262,-1.642286,10,7
391353,38.500362,-3.354748,4,3
391601,35.104116,1.289616,17,10
393214,33.974271,0.091729,5,5
393891,37.850257,-0.262807,9,9
394502,41.783005,3.938649,19,8
395605,40.060128,1.748496,6,6
396701,35.605181,0.200639,6,6
396822,35.094559,1.700783,36,18
396829,38.057286,-0.13089,11,10
397085,39.551335,-4.272349,8,6
398390,37.354889,-0.679813,5,4
399055,37.967673,-2.17842,21,19
399246,35.602122,3.124973,13,10
400359,34.98259,1.056839,16,10
401457,35.004718,-0.447872,4,4
402181,36.540916,-0.376731,18,13
402503,36.334536,0.040454,11,10
402854,34.640593,-0.043547,23,19
403234,39.400216,-0.426962,24,15
403709,34.552448,-0.8057,21,17
403932,37.070001,0.019288,12,10
404854,37.693477,-3.424485,9,7
405493,37.652468,-0.263505,1,1
405883,34.717035,0.136901,5,5
409216,37.699326,-0.343334,12,11
410854,36.476833,0.463489,11,9
411948,36.163667,2.195259,17,10
412739,36.524794,-0.19877,4,4
413387,35.621251,1.061761,21,11
413464,39.650839,-0.476895,16,14
413598,37.677588,-0.305443,4,2
413935,39.641646,-0.458459,23,13
414361,34.903756,-0.615024,12,11
414837,34.85385,-0.638252,8,7
415219,40.375932,3.918647,14,7
416204,35.461165,4.568669,18,7
417068,35.077102,1.195544,14,8
418733,34.45668,-0.530036,11,10
419849,35.480882,1.340074,17,7
421293,34.973083,0.772745,7,6
422486,34.987693,-0.550913,13,11
422773,37.138091,-0.798871,7,7
425938,37.953235,-1.42159,6,6
426951,35.353208,3.579568,17,7
427695,34.122642,0.456166,12,9
427821,39.298249,-4.127634,13,11
427865,37.217941,-0.842579,8,6
428642,34.823048,0.128779,22,19
428868,37.67549,-3.375506,9,8
430788,34.576782,0.05744,10,8
431297,34.282932,0.066367,11,10
431548,37.687176,-3.363061,9,3
432273,37.666291,-0.226208,6,6
432753,36.995748,3.306204,14,10
433930,34.626478,2.947348,8,2
433936,34.623826,-0.752505,17,10
434100,40.223219,2.931557,13,4
434822,34.269118,0.63677,14,8
435371,34.464298,-1.067843,16,5
435559,34.796222,0.129731,8,6
436587,37.584034,-0.462447,10,9
438260,39.581826,-4.223255,23,17
438503,35.180845,0.08403,21,19
439020,35.011595,-0.701118,11,11
439158,38.075154,-1.412857,11,8
440638,35.582567,0.840955,18,13
441068,35.62456,0.304652,12,9
441776,35.18484,0.101766,2,2
442898,34.796293,-0.330903,7,5
443455,35.734787,3.129842,27,15
443940,34.633352,-0.799297,11,9
444520,35.880537,-1.070334,9,8
444563,34.054137,-0.058701,10,7
445053,34.676243,-0.359419,12,11
445245,37.646818,-0.444713,7,5
445323,37.630916,-0.329215,4,3
446803,37.756287,-0.36206,5,4
446993,38.431238,-3.339615,4,3
449359,38.64294,-3.775851,10,6
450969,34.436789,-1.210613,23,20
452186,39.610838,2.524476,23,17
452519,39.589534,0.288989,20,16
452575,39.633523,-0.440805,16,10
453681,36.372883,0.050333,4,3
454497,35.117046,-0.689667,7,7
456565,35.081947,-0.694253,5,5
458351,34.752946,-0.527802,9,4
458644,35.82354,0.391817,3,3
459336,36.416035,0.029705,6,5
460432,36.357489,0.023301,6,6
461335,35.034016,1.058197,18,13
462517,37.455645,-0.545323,10,8
462574,34.798679,-0.448916,17,12
463635,40.240862,1.771594,21,13
464109,38.566416,-3.400005,5,4
464815,34.977182,0.190509,12,9
465193,37.722667,-0.29045,5,4
466105,35.722889,0.050773,5,4
466359,34.767281,0.110498,12,8
468099,37.623576,-1.896272,10,7
469681,36.32397,-0.23107,6,5
470071,34.291056,0.174059,11,8
471197,37.105293,-0.501534,2,1
473432,34.730511,3.30417,14,5
474149,34.920398,-0.243409,20,17
475358,36.011313,0.913632,7,5
475432,39.576571,-4.291076,3,3
475905,35.330814,-0.797883,7,3
475983,39.344786,3.262466,18,12
477053,35.164616,0.144494,10,9
478548,38.304426,-3.442766,10,8
478561,34.684937,-0.031037,9,7
478760,37.128182,-0.523832,4,4
481199,34.984897,1.029719,4,2
481966,39.385369,-4.22447,16,12
482088,35.075361,0.967786,5,3
482798,39.496854,-0.242516,23,18
483932,35.087594,0.192118,11,8
484960,35.324192,-0.812698,19,17
485504,41.877195,3.937734,18,12
486218,35.101304,0.170551,15,13
486820,41.847418,3.944343,17,16
488209,35.74956,0.081357,13,9
488234,36.330077,0.715214,13,9
488362,35.438978,1.02636,24,18
488408,37.683074,-0.362544,7,7
488565,34.688426,0.11063,12,11
488943,36.908361,-0.838574,2,2
489913,37.644952,-0.391583,5,4
490283,36.360004,-0.318159,13,10
490470,35.351172,1.301471,12,5
490543,35.02894,1.010452,17,15
491895,35.817085,0.641007,11,10
492116,37.613961,-0.641143,11,9
492412,36.913232,0.551462,13,7
493065,35.639046,0.723111,28,19
494138,37.718301,-0.317768,11,7
494424,40.11917,-3.218197,14,11
494988,37.340838,-0.905137,10,8
495335,35.783986,1.369603,28,18
496447,35.449771,0.919341,11,8
500289,39.243846,-3.973083,10,9
501742,35.556985,0.98022,13,13
504127,40.02221,-0.185354,17,11
504478,37.686621,-0.387891,12,11
504499,35.473602,0.68916,12,10
505044,35.687462,1.404699,14,7
508101,37.448565,-0.477462,5,5
510093,34.058632,0.163928,15,10
510457,36.429839,0.423258,13,11
511128,40.313946,1.944362,22,12
512749,39.201351,-4.442186,24,16
513510,37.733419,-3.160807,17,10
514933,34.63974,-0.715856,9,7
516475,34.956608,0.973638,7,7
517250,37.484757,-0.476645,4,3
517879,34.574854,0.042106,8,6
519488,35.589098,0.52236,20,15
520435,37.749973,-0.228338,5,5
520575,34.49753,0.064366,19,17
521737,35.323885,1.054766,8,6
522767,34.958442,0.879123,11,7
522984,34.740936,0.730196,14,9
523232,34.940573,-0.767155,14,14
525080,35.750065,2.552646,28,20
525278,40.525738,1.506978,26,8
527505,34.457781,-0.933037,15,9
527591,35.307474,1.264646,28,12
529500,36.708163,-1.396583,13,9
529734,35.881346,0.413822,16,13
529907,34.869375,-0.881332,14,11
530578,37.198371,0.107374,8,7
530601,37.814958,-0.424525,7,7
531585,37.562383,-0.684338,7,6
533760,36.550649,0.240122,23,11
534368,38.326564,-3.449785,12,11
535066,36.615709,0.180975,20,13
538630,37.449079,-1.083816,8,7
539360,37.261115,-0.524228,5,3
539572,34.912907,-0.857861,10,9
539598,36.702417,-0.739798,3,2
541396,39.709398,-4.040403,6,5
541530,35.87284,-1.081621,14,12
541687,34.448812,-0.548913,11,9
543797,37.58845,-1.704569,13,11
544758,36.592577,-0.609192,7,5
545414,37.213589,-0.681942,10,8
547086,34.26874,-0.099599,13,9
549108,37.659307,-0.328819,5,4
549527,37.541197,-0.543542,3,2
549642,35.312409,-0.318156,12,11
550378,36.61266,-0.515783,7,7
550413,37.12839,-0.495424,12,10
552887,35.550457,-0.107795,10,6
553573,36.523476,0.140082,10,7
554327,35.562043,0.394334,15,13
554911,34.94356,-0.574074,12,11
555611,37.600857,0.356698,12,8
555987,40.688847,4.184571,24,8
556221,36.973029,-1.454578,4,3
557327,34.568014,-0.598406,16,11
557744,37.249558,-0.467017,5,4
558511,34.699651,-0.942298,8,7
559209,34.987091,1.033163,8,3
559388,37.667751,-0.064991,9,7
559734,34.467169,0.375835,11,6
563412,34.926823,-0.132399,22,16
565232,39.189721,0.72355,14,8
565856,35.538949,-0.132023,14,13
566308,37.688114,-1.763968,11,9
566997,35.167563,-0.897654,19,14
567448,36.95966,-0.466341,4,2
568180,35.976505,0.464681,12,10
568202,37.079663,0.007219,10,10
568227,37.027911,-0.179324,11,8
569480,38.467748,-3.586587,8,4
570954,36.273488,0.475642,11,9
571343,36.954202,-0.43618,18,13
571625,34.718487,-1.377167,19,11
575375,40.295984,0.041764,7,3
575538,37.471616,-2.082994,6,6
575583,34.994882,-0.448545,16,11
575728,34.777133,0.304711,10,7
578074,37.880908,0.249788,8,5
578119,37.422072,-1.985316,14,13
578126,34.479431,-0.926897,19,14
578146,37.454801,-0.516284,5,5
578354,37.634681,-0.261945,10,10
579106,38.133033,-1.471454,23,19
579522,37.706403,0.094062,7,6
579736,35.223389,-0.338838,10,8
580145,34.772637,-0.686153,9,8
580423,34.995298,-0.523705,9,9
580715,34.752191,0.55353,12,11
581021,34.499054,0.340168,9,9
581108,35.417612,-0.180383,11,7
581309,34.786202,0.079927,8,7
581966,35.368851,1.129902,11,5
584141,38.047874,-2.452408,13,9
585320,34.624584,0.019806,20,17
587898,37.878701,-0.326295,14,12
588717,35.207515,-0.954275,16,13
590835,34.717246,0.09754,13,7
591384,35.602587,3.146892,12,8
592187,34.851854,-0.525382,13,11
592644,36.117921,-0.875208,24,17
595229,35.234057,1.482122,26,8
598963,39.535415,2.826152,15,12
601306,37.600692,-0.098188,4,4
601936,36.045565,-0.917761,23,13
602534,39.851017,-3.625482,4,4
602594,37.920698,-0.040081,16,14
605230,34.769116,-0.583811,19,15
607245,34.615387,0.031064,17,13
611605,36.953958,-1.579725,21,14
612480,35.125053,-0.505406,20,15
613666,34.261464,0.476385,17,12
614230,35.045977,-0.809332,4,4
614481,36.953439,-0.427778,7,7
615322,35.100843,0.197593,5,5
615495,35.226904,0.17786,22,17
615733,34.557147,0.576173,8,7
616206,38.158283,-2.685938,7,4
617853,39.328688,-4.631802,18,9
618328,34.758013,-0.078803,9,8
621927,34.747117,0.293082,14,11
622043,37.980094,-1.184392,6,5
623082,38.122885,-2.586933,11,11
623173,38.068221,-1.512591,16,13
624330,34.763253,0.023683,12,11
624786,34.486299,-1.248365,12,10
627837,34.809129,0.138961,10,8
629627,35.898326,0.076191,10,9
630570,37.060444,0.015601,11,6
631673,35.438193,1.388589,23,11
632672,37.567053,-2.120693,7,5
632794,34.543607,-0.910417,14,8
632930,35.789337,-0.047684,9,6
635467,37.62388,-0.484662,8,6
636403,34.283453,-0.094402,8,5
636663,34.683006,0.051701,9,7
637504,34.456955,-0.526152,16,13
638343,36.381187,-0.331609,7,5
639502,37.554673,-0.441669,9,5
640635,37.7822,-0.449393,6,5
640698,36.428334,-0.414554,3,3
641952,34.870038,3.71427,14,3
642903,37.225612,-0.892736,8,6
643231,37.726166,-0.26312,6,6
643872,35.402807,-0.762919,13,10
644023,37.817825,-2.276143,6,5
644638,35.590291,1.058807,16,11
644896,37.936669,0.246473,8,4
646639,34.165545,-0.54748,19,15
648119,37.678145,0.051115,7,6
648607,34.83548,0.053751,10,9
649359,36.068717,-0.794625,6,5
649822,35.540079,0.023536,21,17
651299,35.764644,-1.01517,27,21
652564,38.345331,-3.377656,11,9
653011,37.883266,-0.186193,9,9
654225,35.618762,3.080552,18,10
655786,40.999991,-1.200976,16,9
656268,34.644531,0.065476,10,9
657711,35.27972,-0.579929,3,2
657837,37.054376,-0.469786,12,9
658761,37.266165,-0.574861,7,6
658883,37.0078,-0.895614,12,10
661151,38.415518,-3.479944,11,6
662437,39.489473,-4.469491,21,16
662531,34.938426,-0.572132,9,9
664476,34.48093,-0.526048,14,10
664693,35.579704,0.292631,13,11
670795,37.164135,-0.730281,7,5
670816,37.099225,-0.796291,10,7
672191,34.562168,0.04196,12,8
672846,34.580565,-0.844898,19,11
673936,34.862754,-0.921413,17,14
675597,37.385279,-1.317644,14,11
677564,35.053347,-0.633241,10,9
678195,37.539295,-1.480115,16,11
678609,37.325185,-1.48385,14,10
684398,38.008072,-1.355365,7,4
685080,34.561011,-0.718213,8,7
685925,38.051219,-0.929926,4,3
688374,37.998989,-1.397596,6,6
688505,35.80333,0.633115,19,15
689872,34.433967,0.116886,9,8
689960,35.050139,0.494404,13,11
690188,39.560679,-4.286653,7,6
692815,34.900775,-0.733015,9,8
693887,36.266183,0.31728,11,8
693940,34.444913,0.319699,24,18
695154,35.391118,2.167778,17,13
698530,34.818745,0.170496,11,10
698947,35.135885,0.875886,9,6
700176,40.592236,-1.685928,19,11
703171,36.78301672,-2.117076128,39,32
703477,36.282096,-0.203364,5,5
703628,37.356927,-0.516444,5,3
705618,34.937634,-0.55456,16,13
707142,35.006505,-0.503994,10,8
709468,37.981672,-0.154915,7,6
709767,34.78624,0.032115,11,9
709908,34.812265,0.227373,16,11
709936,34.523154,-0.11811,16,11
710204,34.972864,1.027398,16,15
711374,34.299906,0.143366,11,11
712475,34.778611,0.06208,17,16
713440,39.950692,-3.443292,14,13
713700,34.950533,-0.561426,12,10
715458,35.515422,2.25802,9,4
717113,34.877604,-0.60709,7,5
717351,34.300305,-0.394181,11,7
719677,37.314849,-0.448302,4,4
721753,39.160355,-4.025246,26,16
724375,37.992587,0.000568,14,11
725222,37.795956,0.208009,10,8
725847,37.286839,-0.684701,8,7
727194,36.965545,-1.476782,9,8
727479,37.420061,-0.670534,2,2
727504,35.073936,1.514052,32,20
727918,36.663813,-0.712286,8,5
729897,37.494122,-1.646705,21,17
732373,37.611773,-0.412308,10,10
732625,34.202943,-0.40075,11,10
734352,35.014168,-0.392989,9,7
734700,34.607629,-0.885667,13,10
735830,37.14386,-0.430589,4,3
735983,34.993303,1.03244,6,5
737282,37.598794,-0.247145,7,6
737912,36.572752,-0.570947,9,8
738855,37.355968,-1.196755,14,10
738974,35.430668,0.156191,16,14
739627,35.237461,0.54764,11,8
740663,39.76651,-3.804927,10,6
741037,36.38627,-0.230142,11,8
741341,37.322731,-0.961509,17,16
742949,34.915042,-0.640455,17,15
743141,34.911907,-0.62325,9,7
744039,35.31148,2.099314,9,5
744256,34.140872,0.377535,19,10
746158,37.063865,-0.009526,13,8
748612,35.563601,1.007943,10,7
749963,39.608482,-0.425303,11,5
750769,35.104015,0.629269,10,8
751588,34.862892,-0.663048,8,6
751689,35.18281,-0.457094,19,15
752326,34.92762,-1.042414,21,14
752536,34.757703,0.633658,6,5
752747,34.760608,0.611836,12,9
753804,39.471838,-4.150887,10,9
754662,35.805065,3.646151,15,9
754947,37.143516,-0.733715,6,5
755473,38.060164,-0.936233,10,8
755961,35.570308,-0.804706,31,21
756272,37.31729,-0.50983,8,8
756749,37.477677,-0.475182,7,4
758305,34.95128,-0.682846,13,13
759228,35.13265,-0.61275,25,17
760778,34.841444,0.822493,9,6
760899,35.083983,0.198576,16,13
761439,37.286328,-1.472537,8,8
761655,38.137333,-0.797989,11,8
762494,37.791086,-0.102102,5,4
764255,34.126216,0.446106,18,13
764590,36.832314,-0.474489,8,7
765711,36.937258,-0.587964,8,7
766879,35.097442,0.447078,14,9
768286,34.915605,-0.890549,11,9
771699,34.275533,0.047462,16,11
772501,36.02499,-0.735702,22,11
772619,34.986444,-0.138341,5,4
773061,35.771071,0.529795,4,3
774220,36.473021,-0.023569,7,6
774543,37.036531,-2.358009,32,19
774571,36.055656,0.030202,11,9
781194,34.388051,-0.174675,11,10
782273,35.224861,0.952872,15,10
782730,37.970683,-1.32803,9,8
786302,36.882033,-0.826304,10,5
786835,37.911209,-1.789409,12,12
787380,34.326847,0.727016,21,14
788470,34.75114,0.77874,19,13
789190,35.261268,0.521928,9,7
789745,35.661478,-0.37259,19,13
789918,36.959497,-0.437902,4,4
790069,34.728437,-0.513164,20,17
790278,39.665696,-0.457714,27,18
790443,39.473718,-3.938002,24,18
790852,34.842158,0.890224,15,11
793848,36.759513,-1.385874,8,8
794218,34.254425,-1.052997,16,13
796387,36.598455,-0.803895,10,9
796527,35.206463,0.63318,14,13
798131,34.334203,0.541424,22,14
800061,34.295685,-0.760167,4,2
802236,34.463777,-1.066089,10,5
802377,35.065198,0.188537,10,10
803052,36.810426,-2.299266,9,7
803194,37.290695,-1.721319,6,6
806060,36.329648,0.210474,15,13
806629,35.311936,0.745702,8,6
807493,35.718633,0.050524,8,5
808040,37.383537,-1.337319,10,7
808274,37.532197,-1.153829,8,5
809938,37.520082,-0.733167,15,14
810625,36.586921,-0.077982,9,8
810776,39.960481,3.713395,12,3
812491,34.642805,0.812648,11,8
813852,36.927786,-0.964736,9,8
813887,34.653743,-0.680802,18,13
814277,34.689696,0.074189,13,11
814497,34.582048,-0.907212,15,9
815556,35.260667,-0.251504,11,10
816059,36.700277,-2.473565,30,15
817854,34.636064,-0.714712,20,13
818634,34.876279,-1.000601,8,7
819406,37.362263,-1.801635,4,4
822895,38.007937,0.315799,12,12
823385,36.955927,-0.68027,6,6
823819,36.959488,-1.489443,10,6
824396,35.3256,0.22119,15,12
825950,39.456967,-4.008023,18,16
827142,37.423044,-0.817949,8,8
828181,35.224002,-0.591624,17,13
829305,34.062398,-0.044115,11,9
830525,39.542766,-3.880782,18,16
832080,35.340626,0.032037,20,13
833712,35.429175,0.612142,12,10
835430,37.392972,-1.416673,10,9
835590,35.063945,1.019615,13,10
837358,37.365542,-0.515017,3,2
837689,34.028321,0.13255,16,10
839270,35.318919,0.993352,15,9
839289,37.573393,-0.432434,7,6
839763,36.079568,0.413312,17,13
840367,35.189767,0.088608,7,7
840802,34.711196,-0.01326,14,7
841119,35.461119,-0.199389,11,9
841699,36.751576,-1.406223,8,7
843933,37.475604,-0.421793,7,4
846077,39.737486,-3.490048,17,14
846489,34.641158,-0.009652,15,15
846736,37.006113,-0.488713,6,5
848711,34.184941,0.425707,23,18
852090,37.792884,-0.482088,9,6
852336,36.569475,-0.881419,10,8
852627,35.398537,-1.611423,10,9
855899,35.314873,-0.037147,28,25
856669,34.194321,0.6135,21,18
862226,36.977647,-0.42296,4,4
864030,35.037416,0.613144,10,5
864161,37.63868,0.040978,8,7
864446,35.17873,2.941647,13,9
865755,34.342472,0.417201,15,13
865987,35.240994,-0.544988,17,13
867642,35.257711,-0.311582,14,9
868432,34.23403,0.282645,13,12
869433,40.010346,-3.325576,20,16
869770,34.392385,-1.105006,26,15
869820,34.889898,-0.678799,6,6
870402,35.403256,-0.196551,24,15
870485,34.333359,-0.121991,18,8
871352,36.548565,-0.110728,5,5
872439,34.599667,0.035636,10,10
872762,36.465081,-0.61271,10,7
873409,34.551876,0.556065,10,8
873522,34.756468,0.289493,6,5
874901,36.913221,-0.518254,9,6
875370,36.946806,-0.5292,7,6
875499,35.316538,-0.761427,16,13
875833,37.341643,-0.436144,5,5
875840,37.633832,0.062009,7,5
876449,37.177579,-0.454555,4,4
877737,35.092579,0.250269,8,6
878636,35.154233,-0.36909,13,10
879797,35.066912,0.241902,9,7
880626,37.400948,-0.79375,8,5
881610,39.554597,-4.316598,2,1
882271,37.9551,-0.876089,9,6
883248,39.57452,-4.284318,6,5
884236,39.624902,-0.427119,21,15
884869,37.390082,-0.471742,10,10
885160,39.806964,-3.850899,6,3
886517,37.669662,-0.760206,14,11
886861,36.925861,-0.44266,8,8
888186,36.752805,-0.257845,11,9
889577,40.890612,2.535293,22,14
890377,38.03986,-1.307842,10,6
892182,35.639405,0.575207,12,9
892737,34.559365,0.58316,10,7
893044,35.146404,-0.388691,12,12
894856,37.816308,-1.832184,15,11
895272,37.962431,-2.527858,10,6
896295,34.898411,0.892985,11,8
896678,37.08002,-0.648903,4,4
897043,34.968715,0.013446,16,15
897572,34.087302,-0.77303,18,9
898420,34.174886,0.500992,15,9
898770,37.746193,-0.895003,9,8
899135,38.016288,-2.716105,22,20
899415,35.298739,-0.383661,8,5
900169,35.253314,0.155637,15,14
900209,34.737316,-0.937452,12,7
903839,37.239898,-0.513463,5,5
905293,35.319845,-0.349574,10,9
905571,35.322403,0.869111,21,15
906174,34.716742,0.771927,5,3
907922,37.363757,-1.812395,14,11
908989,34.991218,1.104034,23,16
909544,37.46028,-0.549331,3,3
909780,37.3792,-0.50074,6,6
912464,37.482503,-0.423025,7,4
912706,35.241983,-1.196154,14,12
912758,34.585219,-1.237639,21,16
913085,34.882885,0.854334,19,12
913498,37.776946,0.023903,9,9
914321,35.008457,0.433502,16,12
914331,34.006716,0.111918,6,6
914607,37.989082,-1.024224,11,9
914790,34.745286,-0.080882,5,5
915134,34.711694,-0.783931,13,9
915201,34.563062,-0.353926,19,12
915981,37.554369,-0.435796,11,9
916609,34.285201,0.384405,21,16
916798,34.842913,-0.881647,7,4
917837,34.992451,1.031911,8,5
918383,36.761308,0.172359,28,20
918406,34.323731,0.459937,13,10
918584,35.276078,-0.506052,13,10
921082,37.320474,-1.946618,12,11
921457,34.22656,0.601651,22,16
921944,37.030087,-0.19652,8,7
923686,35.242753,0.549726,15,11
924265,35.049545,-0.430999,13,10
924729,36.04941,2.758791,25,15
925132,37.058037,-0.150368,4,4
925296,35.319788,0.927056,12,5
925768,35.196289,-0.631907,13,11
926904,37.93016,-2.533305,14,12
928234,34.391624,0.512319,15,8
928470,34.926984,-0.025162,12,7
928587,37.221197,-2.350552,21,12
929971,35.55445,0.216932,14,10
931060,36.052505,-1.045031,28,13
931902,36.856496,-0.077074,9,8
935308,34.972463,-1.010393,34,24
935361,35.190288,1.347687,16,9
935398,36.746626,-1.384289,16,12
935427,37.329179,-0.44383,11,9
940977,34.685017,0.072738,12,12
941200,39.457943,-3.850751,5,5
944698,34.581158,0.311471,19,13
945083,37.262377,-0.59862,7,6
946285,34.928969,-0.766369,8,7
947284,39.526889,-4.386407,12,10
947365,35.577159,-1.442908,19,10
947905,34.776632,0.578253,4,3
952332,34.826417,-1.329582,31,18
952864,35.31325,0.524671,11,10
954472,37.092669,-0.44007,4,3
955737,37.371355,-0.411252,8,6
957648,36.324313,-0.14894,7,6
958387,34.926027,0.512616,14,11
958981,35.02899,1.558596,22,13
959373,35.285291,-0.36287,10,5
960768,37.141943,0.113694,8,7
961333,35.274238,-0.690745,26,20
962652,36.848807,-1.68735,9,6
963001,35.065507,-0.577405,10,6
963932,37.483173,-1.392948,10,8
963985,35.122979,0.826533,9,6
966203,34.729673,-0.686677,18,14
967011,35.191933,3.32035,22,9
968287,34.591533,-0.414185,13,11
969047,37.633295,-1.795983,9,7
971603,34.274359,0.161909,14,10
974661,34.518664,-1.093901,17,13
975632,35.435413,-0.92285,15,8
976080,37.17209,-0.710653,7,6
976906,34.75243,-0.669369,10,8
977517,35.068721,-0.262973,17,9
978387,35.222282,0.692989,20,17
979289,34.637875,0.568496,20,14
979375,34.255292,0.137155,12,10
979963,37.306336,-1.26249,10,7
981038,35.151825,-0.842082,16,11
982149,38.111024,-2.545405,11,9
983759,37.036829,-0.944098,11,9
985523,34.973903,0.136934,14,12
987399,36.187449,-1.060263,31,19
990707,37.21268,-0.641981,8,6
991413,35.246596,0.464453,9,8
992201,35.822237,0.243543,13,12
993634,35.42548,-0.793262,23,16
993951,34.970978,1.108905,12,7
994234,39.742745,-3.952572,11,11
998890,40.141823,-3.110758,28,23
999507,36.886207,-0.565426,7,6
999852,35.844198,-0.269011,13,9
1000378,34.276691,0.162692,15,12
1000933,35.044738,0.3116,20,18
1001467,36.687148,-0.761975,13,12
1002024,37.007515,-0.52712,8,8
1003525,36.156102,-0.159993,14,11
1005150,35.236256,-0.996636,16,8
1005475,37.979913,-1.273152,11,9
1006665,38.092479,-1.534992,9,6
1007934,34.815707,-0.232065,12,12
1009654,35.458522,0.340606,4,4
1009998,37.854934,-2.325797,5,5
1013292,38.092682,-1.74515,17,14
1013484,34.930961,-0.360366,11,6
1014103,36.479538,-0.048313,10,8
1015368,36.370737,-0.149818,11,7
1015851,35.262754,-0.421155,6,4
1016265,37.355214,-0.728845,6,5
1018029,34.809169,0.150079,9,9
1018039,37.965919,0.328824,10,7
1018843,34.474464,-1.199359,21,17
1019034,40.111159,-3.211529,11,10
1020330,34.188571,0.43095,13,11
1020396,35.240479,1.564917,17,10
1020871,35.268162,0.488262,4,3
1021225,37.24523,-1.391189,7,7
1022136,38.226788,-0.626376,13,10
1024783,36.982532,-0.562322,8,5
1026170,34.268557,0.345087,4,3
1026725,37.6332,0.073251,10,7
1028756,34.167543,0.085733,21,19
1029804,39.685968,-4.046825,3,2
1029997,37.414702,-1.89035,17,11
1030808,34.367476,0.730415,13,12
1031730,37.692251,-1.673889,12,12
1034123,36.257175,-0.183179,15,12
1037929,35.310926,-0.174651,22,12
1038427,34.927399,0.91095,10,7
1038623,38.427631,-2.006364,29,22
1043442,35.174043,-0.091254,7,6
1044933,34.291818,-0.820224,19,7
1045749,34.564983,-0.855366,11,6
1046157,36.964839,-0.434915,12,8
1050004,35.290596,0.538083,9,7
1050571,37.355233,-0.5874,9,8
1050673,35.216458,0.093799,14,11
1051556,34.817012,1.178926,14,10
1055407,35.257963,-0.589288,19,16
1058236,34.058839,0.286098,15,11
1058258,39.658615,-4.034207,4,3
1058654,35.284183,-0.172847,5,4
1059020,41.590788,3.927921,11,8
1059468,34.242502,-0.139794,13,8
1060186,34.826028,-0.164401,14,11
1060402,35.428536,-0.288745,9,6
1060601,34.990361,0.954922,6,4
1064070,34.606773,-0.920352,15,12
1067180,36.773572,-1.414127,13,9
1067392,34.402113,-0.534054,17,13
1070733,34.123192,0.284145,15,12
1071419,36.714933,-1.399444,9,8
1072124,38.046482,-0.704131,12,9
1074366,34.166912,-0.378583,18,13
1077453,34.950389,-0.779236,7,7
1078728,36.180797,-1.415356,26,11
1080038,35.2904,0.817538,18,13
1085384,35.02299,-0.795502,10,10
1085560,34.368393,-0.267824,13,9
1085723,36.358585,-0.522717,2,2
1086856,35.192775,1.063837,15,14
1088240,37.796186,-1.42282,13,9
1088454,40.690411,-1.319721,23,19
1090951,35.169855,0.284259,13,10
1091639,37.124075,-0.387542,8,8
1092089,39.732601,-3.93914,5,4
1092935,37.986308,0.380873,16,12
1094839,37.261507,-1.03903,12,12
1095431,34.392258,-0.601865,21,14
1098610,40.107873,-3.233381,9,4
1098813,36.94953,-2.064607,20,17
1100666,39.623503,-4.041945,7,7
1101839,34.287904,-0.848447,17,13
1102943,37.624742,0.062527,8,8
1103155,39.639381,3.233338,22,12
1103542,35.405156,-0.825222,22,19
1103561,36.636467,-1.377557,6,3
1104636,37.013468,-0.269884,7,7
1106295,36.066202,-0.30724,13,8
1110992,37.307785,-0.674971,11,10
1111096,34.525902,-0.373621,6,5
1113868,36.327082,-0.02101,11,6
1114587,34.698698,-0.67204,15,9
1116637,34.630472,-0.661671,15,12
1116937,34.2298,0.138749,11,8
1119240,34.501323,-1.240704,15,12
1119343,35.257891,0.505603,12,10
1122023,36.717562,-1.374671,10,8
1122045,39.316179,-4.167861,16,11
1123200,34.287728,-0.807209,18,15
1123218,35.004217,0.642246,15,14
1123638,34.76471,-0.700684,12,11
1127155,37.034262,-0.963131,5,5
1130213,36.286752,-0.275692,4,4
1132320,34.864351,-0.236609,19,11
1134650,37.123259,-0.636014,7,7
1135426,39.673211,-4.05133,16,10
1136474,37.300353,-1.413597,13,8
1137740,35.306325,0.511723,15,12
1138497,39.736717,-3.940409,5,5
1138634,35.363576,0.488518,11,8
1139419,39.596646,-3.715756,26,18
1140060,37.371851,-0.968931,12,10
1140295,34.787618,-0.120058,21,17
1141473,34.436439,0.591605,21,16
1141516,34.269106,-0.594492,23,14
1143870,37.40745,-1.549952,8,6
1147010,39.608276,-4.02908,5,4
1147624,34.865938,0.051764,11,7
1150178,36.99055,-0.589473,2,1
1153968,35.227399,-0.245964,15,15
1156729,40.067124,-3.216621,20,16
1157170,36.60354,-0.748868,8,7
1158856,34.902305,-0.928413,11,8
1160607,36.07746,1.852291,20,12
1163571,35.166766,1.003081,17,13
1165702,39.668066,-4.072864,5,5
1166039,39.757497,-3.652673,17,12
1167848,35.371028,-0.604581,22,17
1168565,34.494847,0.347007,9,9
1169022,40.116477,-3.223763,10,9
1170902,34.484547,0.790796,14,10
1171640,34.306124,0.02778,5,4
1172629,34.617015,-0.133366,12,11
1174798,35.61357,1.318524,23,12
1176780,34.299313,-0.944094,23,20
1180618,34.248927,0.560891,17,15
1182029,36.785844,-0.309766,11,10
1182388,36.71974967,-1.372096778,18,15
1184099,34.711621,-0.869601,10,6
1184558,34.57542,-0.534778,18,14
1186728,34.813049,1.115357,17,11
1187047,35.901225,-0.677833,14,8
1187346,37.361741,-1.034393,6,5
1189234,37.099044,-0.837748,15,13
1189383,34.85066,0.053619,9,8
1190569,34.82787,0.714867,18,13
1190767,37.105286,-0.794721,7,7
1191478,34.514038,-1.224197,24,16
1191542,34.798759,-0.309905,17,14
1194075,34.527248,-1.043513,13,10
1194417,38.194676,-1.478757,9,7
1194738,35.613163,-0.38032,19,14
1194874,38.295147,-2.155751,23,18
1194902,37.401138,-1.813839,6,6
1196789,34.753309,0.272332,8,6
1198504,39.619994,-4.009808,11,8
1198921,37.479568,-1.138547,10,9
1199265,36.990416,-0.68359,5,4
1200032,36.655059,-1.368593,5,4
1201197,37.018838,-0.800689,5,5
1201382,39.20073,-4.660926,21,12
1202987,37.617061,-0.963075,11,8
1205829,39.80939171,2.607660714,56,37
1207139,34.81387,-0.710276,12,7
1209642,35.444841,0.259013,13,11
1211646,37.218181,-0.437039,9,7
1212034,39.690748,-3.729556,29,19
1214554,37.671922,-1.516178,19,15
1215190,39.314892,-4.4284,10,7
1215741,37.317885,-1.418263,4,4
1218773,34.762477,-0.102448,9,7
1222408,37.089916,-0.394043,3,3
1223432,38.03899,0.189305,5,5
1223573,34.695447,-1.301786,28,22
1227487,39.615958,-4.007139,5,4
1227596,37.043008,-0.733436,6,6
1228309,34.947188,0.098015,18,17
1230248,37.353598,-1.229274,9,9
1230959,37.859444,-1.233703,9,8
1233365,37.952934,-0.531987,14,9
1235555,36.995966,-1.291955,7,7
1237853,34.10069,0.123982,12,8
1239957,34.076254,-0.022987,4,3
1240658,35.227394,0.838466,11,9
1243393,39.524861,-3.884601,15,14
1244128,34.446678,-1.055966,17,8
1245695,37.260067,-1.243315,15,12
1247188,35.59369,-0.191186,15,12
1247295,37.273967,-1.139872,13,11
1247642,34.365844,0.241883,13,10
1250760,34.078147,0.227144,10,8
1251283,39.63449571,-4.017280714,14,13
1251451,34.973356,-0.223924,10,8
1252477,39.625301,-4.037301,8,6
1258817,34.395803,-0.184669,18,9
1259627,39.634,-3.842308,17,12
1262255,35.105973,0.081672,16,11
1262615,36.34829,-0.9391,28,15
1262670,36.939081,-0.746186,6,5
1263960,34.643764,-0.559482,12,10
1264421,37.012108,-0.65804,8,5
1264549,34.756077,-0.747563,11,9
1270147,34.763563,-0.06273,11,6
1272871,34.681026,0.434206,19,13
1274184,34.108762,0.439757,13,12
1274455,39.64133,-4.076943,6,4
1274862,39.689613,-4.008439,7,4
1275409,39.636298,-4.087095,10,8
1278385,39.565986,-4.282838,9,7
1278547,39.653358,-4.099665,7,7
1283344,34.488422,0.468339,19,14
1286047,37.463799,-1.529678,13,10
1286657,39.868466,-3.630742,6,5
1290874,35.246099,-0.681547,18,12
1292261,35.228637,-0.313347,16,12
1293134,35.319857,-0.309298,7,7
1294548,34.821518,0.698363,14,12
1296793,37.362045,-1.348697,6,5
1298252,37.250088,-1.539372,9,7
1304893,35.386965,-0.948789,24,12
1307552,35.225943,0.563705,10,9
1307592,34.757315,-0.684554,6,6
1312583,37.461038,-2.10955,7,5
1313309,34.582138,0.827789,22,16
1313729,34.659159,-0.886415,17,11
1318061,37.53092,-2.080372,14,10
1320185,34.64878,0.702013,22,16
1321851,35.014342,1.179362,18,13
1325025,36.88438,-0.875451,6,4
1325555,34.944246,-0.807093,10,8
1333341,39.603046,-4.016423,7,6
1333613,35.050106,0.602686,10,8
1335794,39.677254,-4.016844,10,7
1335930,35.859602,-1.079724,8,4
1337853,35.257393,0.558263,10,7
1338107,35.196532,0.159171,9,7
1339664,34.784985,0.567985,17,12
1340212,37.546281,-2.946827,7,6
1342684,36.856277,-0.668986,9,7
1344242,34.297869,-0.045949,22,14
1344301,37.419753,-0.628707,10,10
1345469,34.437542,-0.725429,16,9
1345863,37.634529,-1.653898,9,8
1346363,37.86863,-0.905296,12,11
1349051,39.189307,-4.530121,9,8
1352708,34.490674,0.485592,10,9
1352811,34.255938,0.315353,14,8
1353115,35.005258,0.269717,15,14
1355187,37.370602,-1.612201,8,6
1355772,36.007398,-0.452422,13,11
1355798,36.503298,-0.771085,10,8
1377527,34.741478,-0.081928,9,7
1377818,39.66016,-4.086954,5,5
1382275,34.789516,-0.6537,12,10
1384207,39.943968,-3.381388,23,17
1389263,34.406253,0.024582,10,7
1390869,35.148222,-0.995874,22,15
1391791,34.137928,-0.667493,21,15
1396253,34.476133,0.678489,28,13
1396559,34.734221,-0.646415,9,7
1400189,35.267937,0.47943,9,6
1406379,39.679256,-4.033115,9,4
1409312,34.976926,-0.283467,14,8
1409558,38.07795,-1.232403,13,12
1412020,35.111148,0.868692,14,12
1414822,36.782749,-1.84592,18,14
1415297,35.444588,-0.832445,15,9
1415683,35.45933,1.422657,17,10
1417187,38.025978,-1.092823,9,5
1419279,39.704964,-4.007564333,24,21
1422213,37.718841,-0.707665,7,6
1423973,35.248533,0.500538,7,4
1425595,36.933367,-0.761084,5,4
1427158,34.776763,0.314432,9,9
1429767,40.619684,0.614426,20,13
1434810,39.590442,-4.284683,7,5
1435021,35.257638,-0.58225,6,5
1435516,35.27911,-0.695824,14,11
1436239,35.085031,-1.078303,21,13
1436471,34.788127,0.375991,11,8
1448966,34.680982,-0.90942,12,8
1449142,35.159264,1.178711,15,7
1450796,37.068519,-0.905528,11,11
1459732,35.276106,-1.003358,16,9
1465934,34.776637,-0.053412,11,8
1473347,39.619622,-4.023322,7,6
1476596,36.021334,-0.408441,12,7
1477107,37.169294,-0.680842,6,6
1479795,36.152791,0.086511,11,9
1480274,39.745835,-3.853612,22,17
1487187,37.746012,0.149079,8,6
1493979,39.649094,-4.111029,7,6
1496372,34.23439,-0.076695,10,9
1496908,37.798454,-0.00228,9,7
1502893,36.793355,-1.315849,7,4
1510242,36.30869,-0.500925,7,7
1511727,37.594487,0.088803,6,3
1514114,37.848499,-0.14879,15,13
1521413,34.633447,-0.74842,11,5
1521488,39.527396,-3.590507,30,19
1524429,38.236764,-1.581242,17,9
1524933,35.33958,-0.656315,10,9
1526730,34.676606,-0.428329,16,12
1529550,39.813767,-3.290975,32,21
1531545,34.437811,-0.723708,26,23
1533027,35.338411,-0.789954,7,6
1536344,37.377369,-0.604137,10,7
1544493,36.052484,-0.264494,13,11
1545818,39.641373,-4.100041,12,9
1549865,34.546079,0.764092,23,16
1551747,39.685453,-4.013301,19,14
1555474,35.145513,-0.091983,10,9
1555986,35.016995,-0.1185,15,12
1560581,34.760318,0.860435,17,14
1561499,36.960664,-1.470559,9,9
1567642,36.878718,-1.256622,11,7
1570485,34.498248,-0.074951,8,6
1570819,34.442202,0.697663,24,13
1574782,37.3585,-1.90501,10,10
1575458,36.623502,-0.876381,6,5
1582006,38.078261,-1.713196,1,0
1585026,34.412208,0.535798,15,11
1585282,40.162949,-2.751674,19,13
1585970,34.586917,-0.513423,17,11
1588757,35.724006,-1.120233,22,12
1590765,34.619532,0.549611,12,7
1591938,37.726475,-0.106738,6,4
1605315,36.955664,-0.932883,8,6
1618192,37.202827,-0.82598,4,4
1624709,34.640738,0.756345,14,11
1628864,34.154096,0.266462,14,11
1629271,39.45911,-3.909192,17,12
1633626,34.810907,0.656155,20,14
1636969,35.889804,-1.093504,9,9
1676299,35.108515,0.789392,11,10
1680049,34.14151,-0.939973,18,14
1687636,36.122934,-0.298139,7,6
1688733,39.936023,-3.463826,16,13
1694269,39.611538,-3.951288,16,12
1695362,34.609508,0.479437,23,13
1698199,39.675776,-4.015932,5,4
1702419,35.641031,-0.634864,21,16
1702527,37.978863,0.194116,11,9
1706938,36.08409,-0.297511,9,8
1707863,34.987144,0.848991,23,15
1711970,39.036752,-4.367214,21,17
1712690,39.172251,-3.768159,15,13
1714785,36.830119,-0.922415,2,1
1715044,34.723354,-0.433881,18,14
1718481,39.613415,-4.004929,14,12
1720044,35.571297,-0.494424,18,12
1722234,34.948122,-0.202136,12,8
1725819,36.75905642,-1.138204474,19,14
1727144,34.353443,-0.708812,14,9
1728060,35.403931,0.215115,14,9
1729623,36.080281,-0.296415,10,7
1730604,34.770463,0.199015,15,12
1738480,34.518346,0.575549,16,10
1742558,34.835408,0.497949,12,12
1744286,34.70972,0.322075,15,12
1744360,35.244122,0.523801,9,7
1744379,36.967351,-1.469518,11,7
1744712,34.461206,0.28255,11,7
1745361,37.661925,-1.352095,9,7
1746785,35.799385,-0.308243,15,9
1750294,36.227069,0.247812,13,9
1751291,36.699644,-1.448822,7,6
1753546,34.430836,0.233663,13,8
1755062,35.209525,0.829351,15,8
1758523,39.618114,-4.014041,14,9
1758528,36.517258,-0.404636,7,6
1762510,38.548466,-0.6154,27,15
1766722,37.914147,0.1704,10,8
1768372,36.82788,-0.95413,6,4
1772094,34.629113,0.325561,9,7
1772230,36.780668,-1.191821,8,8
1775638,37.114661,-0.921137,7,4
1789117,36.739989,-1.006705,8,7
1792084,34.438099,0.225574,8,3
1793647,34.769475,0.391379,18,9
1801325,37.295831,-1.521235,16,12
1807361,34.801769,-0.088524,15,14
1812364,34.615984,0.66294,19,15
1815834,37.470007,0.067448,9,8
1827790,34.794115,-0.100399,10,9
1836756,37.583731,-0.591828,19,16
1838407,34.87053,0.219654,18,16
1852765,35.428777,0.351955,21,15
1858100,34.559141,0.17861,9,9
1860660,36.726304,-1.016861,9,8
1881014,36.847814,-1.031255,6,4
1885614,39.662567,-4.031102,7,5
1888464,34.26778,-1.057541,15,8
1888806,34.832003,-0.508201,12,8
1893668,34.759039,-0.124193,9,7
1900888,35.964103,-0.335423,20,12
1901031,37.273601,-0.521256,6,4
1903819,36.44798,-0.783525,10,9
1909783,34.483165,0.179715,7,6
1916312,34.512882,0.203912,13,10
1920297,34.602214,0.703919,12,12
1925051,37.49204,-1.754687,19,19
1948247,34.791847,-0.923634,7,5
1958596,37.057103,0.02143,10,9
1966753,38.290314,-0.786652,10,8
1970900,37.66839,0.222596,11,5
1972979,36.823876,-1.017294,5,3
1998944,34.773401,0.512855,21,14
2000313,37.936243,0.241269,13,9
2001984,37.90595,0.304952,7,5
2010195,37.574304,-0.10055,6,6
2015454,37.076587,-0.859981,4,4
2058823,35.125071,-0.68156,16,16
2077243,38.013075,-1.849476,6,4
2078074,36.825234,-1.268247,6,5
2083648,34.769494,-0.09437,9,8
2087994,37.613637,-0.001947,2,2
2093161,37.722692,-0.060366,9,8
2097970,34.624791,0.284916,13,10
2100629,34.940469,0.644525,16,12
2112117,36.600454,-1.266976,13,12
2122312,36.87672,-1.24612,4,3
2124162,38.54889,-3.384242,6,6
2136749,39.000257,-0.701589,12,11
2136774,35.835247,-0.164924,11,9
2144429,39.485738,-3.868253,8,4
2148733,34.132259,-0.598918,20,14
2153086,35.202144,-0.497134,11,10
2161956,39.78555,-3.105848,36,17
2163546,34.692785,0.304648,13,5
2177812,36.256365,-0.848883,16,15
2191311,34.874294,-0.758057,11,10
2191889,35.941073,-0.383455,7,6
2224264,39.633115,-3.83061,12,10
2235161,37.049605,-0.023726,5,4
2242523,35.71944,-0.161451,12,6
2253228,36.954037,-1.472465,8,7
2253920,34.868153,0.808738,11,10
2270849,39.70725447,-3.993922867,15,12
2275370,34.681515,0.220104,6,3
2284145,36.125866,-0.29181,8,7
2291851,34.765846,0.85851,14,12
2312278,36.753897,-1.198791,4,3
2313694,39.66949,-4.058481,11,8
2317376,34.700391,-0.066797,12,10
2317469,36.434543,-0.721238,12,10
2322479,36.97886,-0.624405,8,7
2327236,36.685111,-1.413816,17,13
2332409,40.101518,-3.24377,8,7
2336556,34.361391,0.409152,11,9
2352477,36.816351,-1.282941,5,5
2357890,37.875649,0.044966,4,1
2372522,36.596336,-0.933773,5,4
2389456,36.597213,-1.150334,6,4
2399066,36.944226,-1.382837,14,13
2403347,36.195015,-0.262569,9,5
2405353,36.44089,-0.695273,9,8
2419096,36.712359,-1.250987,7,3
2422243,36.836999,-1.240304,8,8
2427790,34.642098,-0.41107,17,13
2430575,35.63004,-0.837669,28,17
2431626,36.538648,-0.395568,12,8
2439731,39.486476,-4.246816,17,9
2443207,34.847386,0.642872,10,10
2519710,37.017182,-1.150228,17,14
2539451,37.694616,-0.006369,5,4
2559657,36.702157,-1.226879,9,5
2564955,36.888131,-0.988024,7,6
2573293,36.076517,-0.309786,6,4
2591539,37.086751,-1.039943,9,9
2607059,36.891566,-1.262205,7,5
2610132,35.754116,-1.177176,23,20
2624746,39.708159,-4.007013,13,10
2630636,36.790353,-1.092889,9,8
2638105,36.626454,-1.076923,10,5
2671808,36.743127,-1.272064,4,3
2674078,37.851466,0.154022,14,14
2683737,36.839683,-1.281637,12,9
2730825,36.841392,-1.20775,7,5
2740316,36.886256,-1.31919,12,10
2758736,36.919464,-1.202469,12,8
2788135,36.048302,-0.301155,12,12
2803358,37.234407,-1.570985,12,9
2832112,36.949532,-1.19602,10,6
2893822,36.33822,-0.513607,10,8
2904654,37.130549,-0.485296,8,6
2923561,36.810032,-1.313963,14,13
2928829,36.906636,-0.794966,6,6
2931357,36.801401,-1.262721,7,5
2968675,36.850841,-1.327353,7,5
2985852,36.924615,-1.211489,4,2
2987114,36.872963,-1.316692,11,10
3009455,36.857279,-1.271061,11,8
3017991,36.921201,-1.276156,10,6
3034719,37.086969,-1.053128,2,1
3067129,36.809522,-1.315103,10,8
3087680,36.656892,-1.210849,10,9
3125551,36.752008,-1.261328,4,4
3136736,36.918417,-1.316275,8,5
3151736,36.734731,-1.221435,7,7
3203173,37.368999,0.203712,7,4
3213269,36.203926,0.042833,10,10
3265004,34.841712,0.991116,22,17
3268195,36.874729,-1.303782,3,2
3271604,36.710592,-1.263006,10,9
3279481,36.929877,-1.147709,7,5
3290398,36.061513,-0.299963,7,6
3325171,39.694938,-4.035883,6,4
3333224,36.69709,-1.28038,2,2
3349825,36.770583,-1.216121,10,8
3391152,38.052557,0.211879,8,5
3391622,36.881843,-1.258805,12,9
3399401,36.886565,-1.284265,10,5
3416157,37.093542,-1.075166,9,6
3427020,34.844944,0.956844,18,13
3448813,36.100998,-0.19525,6,5
3469942,39.600497,-4.035898,9,7
3471726,36.784683,-1.318072,5,3
3509862,36.893592,-1.279525,12,10
3538111,36.865135,-1.276725,21,13
3547200,36.877361,-1.260182,8,7
3571230,36.883812,-1.302439,3,3
3647575,36.936678,-1.29152,20,17
3650541,36.834105,-1.262055,5,4
3665174,36.94151,-1.1643,6,4
3674897,36.673272,-1.26786,13,13
3686748,36.850566,-1.263606,14,11
3727767,36.01343,-0.640743,12,11
3745813,36.908844,-1.284072,11,8
3775384,36.910137,-1.254804,8,7
3785324,36.758441,-1.278781,13,11
3961726,34.752703,-0.859286,21,16
3964562,39.367452,-4.505692,4,2
4004585,36.888659,-1.323411,7,7
4055423,36.901232,-1.245692,5,5
4069660,37.885311,0.289382,11,7
4100436,34.875006,1.204526,13,8
4121514,35.304668,0.55274,5,4
4124684,36.886768,-1.255466,4,3
4209785,36.918131,-1.276855,8,7
4258198,36.891377,-1.32141,13,11
4262107,36.014239,-0.24672,4,2
4273236,36.905386,-1.285094,7,7
4274820,37.81956,0.152777,5,5
4322043,36.894989,-1.195267,15,13
4442049,36.821401,-1.221247,8,8
4483672,36.785408,-1.312427,9,8
4492163,36.745931,-1.279646,8,8
4615665,35.901381,4.297217,17,14
4691569,36.697188,-1.341546,4,3
4895552,36.936561,-1.228412,7,7
5062006,36.898691,-1.208072,10,9
5192720,36.880725,-1.315248,11,9
5295034,36.178814,-0.258278,7,4
5455244,36.92706,-1.242902,15,10
5476381,36.752958,-1.282723,11,10
5685535,36.946302,-1.408042,8,6
5829526,37.07392,-1.040039,3,3
5830962,37.012823,-1.071156,4,3
5987533,36.842302,-1.283677,3,3
6032020,36.905786,-1.189253,11,7
6113357,36.696657,-1.09979,4,4
6850792,36.868122,-1.296178,11,8
7079550,34.420345,0.547832,18,12
7156631,36.924542,-1.230205,12,11
7497423,36.901168,-1.262669,4,4