"","id","missing.data","citation1","citation2","citation3","country","country.id","latitude","longitude","method","rdt.type","month.start","year.start","month.end","year.end","lower.age","upper.age","pf.pos","examined","dhs.id"
"1",813542,NA,"Youssef, R., Safi, N., Hemeed, H., Sediqi, W., Naser, J.A. and Butt, W. (2009). <i>National malaria indicators assessment, 2008.</i> Kabul, Afghanistan: National Malaria and Leishmaniasis Control Program, Ministry of Public Health 13pg.","Youssef, R. (2009) personal communication.","Youssef, R, Safi, N, Hameed, H, Sedigi, W, Naser, JA and Butt, W. (2009).  <b>National Malaria Indicators Assessment 2008 Afghanistan Annual Malaria Journal (1) 37-49.</b> <b>1</b>(0):37-49","Afghanistan","AFG",34.28687,70.50584,"Microscopy",NA,11,2008,12,2008,3,60,0,22,NA
"2",811140,NA,"Youssef, R., Safi, N., Hemeed, H., Sediqi, W., Naser, J.A. and Butt, W. (2009). <i>National malaria indicators assessment, 2008.</i> Kabul, Afghanistan: National Malaria and Leishmaniasis Control Program, Ministry of Public Health 13pg.","Youssef, R. (2009) personal communication.","Youssef, R, Safi, N, Hameed, H, Sedigi, W, Naser, JA and Butt, W. (2009).  <b>National Malaria Indicators Assessment 2008 Afghanistan Annual Malaria Journal (1) 37-49.</b> <b>1</b>(0):37-49","Afghanistan","AFG",34.23459,70.52946,"Microscopy",NA,11,2008,12,2008,12,45,0,5,NA
"3",804099,NA,"Youssef, R., Safi, N., Hemeed, H., Sediqi, W., Naser, J.A. and Butt, W. (2009). <i>National malaria indicators assessment, 2008.</i> Kabul, Afghanistan: National Malaria and Leishmaniasis Control Program, Ministry of Public Health 13pg.","Youssef, R. (2009) personal communication.","Youssef, R, Safi, N, Hameed, H, Sedigi, W, Naser, JA and Butt, W. (2009).  <b>National Malaria Indicators Assessment 2008 Afghanistan Annual Malaria Journal (1) 37-49.</b> <b>1</b>(0):37-49","Afghanistan","AFG",34.98371,67.90739,"Microscopy",NA,11,2008,12,2008,12,70,0,20,NA
"4",810699,NA,"Youssef, R., Safi, N., Hemeed, H., Sediqi, W., Naser, J.A. and Butt, W. (2009). <i>National malaria indicators assessment, 2008.</i> Kabul, Afghanistan: National Malaria and Leishmaniasis Control Program, Ministry of Public Health 13pg.","Youssef, R. (2009) personal communication.","Youssef, R, Safi, N, Hameed, H, Sedigi, W, Naser, JA and Butt, W. (2009).  <b>National Malaria Indicators Assessment 2008 Afghanistan Annual Malaria Journal (1) 37-49.</b> <b>1</b>(0):37-49","Afghanistan","AFG",36.2374,64.8568,"Microscopy",NA,11,2008,12,2008,12,58,0,31,NA
"5",811083,NA,"Youssef, R., Safi, N., Hemeed, H., Sediqi, W., Naser, J.A. and Butt, W. (2009). <i>National malaria indicators assessment, 2008.</i> Kabul, Afghanistan: National Malaria and Leishmaniasis Control Program, Ministry of Public Health 13pg.","Youssef, R. (2009) personal communication.","Youssef, R, Safi, N, Hameed, H, Sedigi, W, Naser, JA and Butt, W. (2009).  <b>National Malaria Indicators Assessment 2008 Afghanistan Annual Malaria Journal (1) 37-49.</b> <b>1</b>(0):37-49","Afghanistan","AFG",34.24964,70.7289,"Microscopy",NA,11,2008,12,2008,10,50,0,19,NA
"6",815683,NA,"Youssef, R., Safi, N., Hemeed, H., Sediqi, W., Naser, J.A. and Butt, W. (2009). <i>National malaria indicators assessment, 2008.</i> Kabul, Afghanistan: National Malaria and Leishmaniasis Control Program, Ministry of Public Health 13pg.","Youssef, R. (2009) personal communication.","Youssef, R, Safi, N, Hameed, H, Sedigi, W, Naser, JA and Butt, W. (2009).  <b>National Malaria Indicators Assessment 2008 Afghanistan Annual Malaria Journal (1) 37-49.</b> <b>1</b>(0):37-49","Afghanistan","AFG",35.92858,68.64713,"Microscopy",NA,11,2008,12,2008,0,65,0,34,NA
"7",816608,NA,"Youssef, R., Safi, N., Hemeed, H., Sediqi, W., Naser, J.A. and Butt, W. (2009). <i>National malaria indicators assessment, 2008.</i> Kabul, Afghanistan: National Malaria and Leishmaniasis Control Program, Ministry of Public Health 13pg.","Youssef, R. (2009) personal communication.","Youssef, R, Safi, N, Hameed, H, Sedigi, W, Naser, JA and Butt, W. (2009).  <b>National Malaria Indicators Assessment 2008 Afghanistan Annual Malaria Journal (1) 37-49.</b> <b>1</b>(0):37-49","Afghanistan","AFG",35.62726,68.68985,"Microscopy",NA,11,2008,12,2008,6,55,0,15,NA
"10",821480,NA,"Youssef, R., Safi, N., Hemeed, H., Sediqi, W., Naser, J.A. and Butt, W. (2009). <i>National malaria indicators assessment, 2008.</i> Kabul, Afghanistan: National Malaria and Leishmaniasis Control Program, Ministry of Public Health 13pg.","Youssef, R. (2009) personal communication.","Youssef, R, Safi, N, Hameed, H, Sedigi, W, Naser, JA and Butt, W. (2009).  <b>National Malaria Indicators Assessment 2008 Afghanistan Annual Malaria Journal (1) 37-49.</b> <b>1</b>(0):37-49","Afghanistan","AFG",36.25189,68.81147,"Microscopy",NA,11,2008,12,2008,2,70,0,41,NA
"11",820133,NA,"Youssef, R., Safi, N., Hemeed, H., Sediqi, W., Naser, J.A. and Butt, W. (2009). <i>National malaria indicators assessment, 2008.</i> Kabul, Afghanistan: National Malaria and Leishmaniasis Control Program, Ministry of Public Health 13pg.","Youssef, R. (2009) personal communication.","Youssef, R, Safi, N, Hameed, H, Sedigi, W, Naser, JA and Butt, W. (2009).  <b>National Malaria Indicators Assessment 2008 Afghanistan Annual Malaria Journal (1) 37-49.</b> <b>1</b>(0):37-49","Afghanistan","AFG",34.4442,70.4881,"Microscopy",NA,11,2008,12,2008,0,60,0,77,NA
"13",806543,NA,"Youssef, R., Safi, N., Hemeed, H., Sediqi, W., Naser, J.A. and Butt, W. (2009). <i>National malaria indicators assessment, 2008.</i> Kabul, Afghanistan: National Malaria and Leishmaniasis Control Program, Ministry of Public Health 13pg.","Youssef, R. (2009) personal communication.","Youssef, R, Safi, N, Hameed, H, Sedigi, W, Naser, JA and Butt, W. (2009).  <b>National Malaria Indicators Assessment 2008 Afghanistan Annual Malaria Journal (1) 37-49.</b> <b>1</b>(0):37-49","Afghanistan","AFG",34.49529,62.20501,"Microscopy",NA,11,2008,12,2008,0,72,0,240,NA
"15",821943,NA,"Youssef, R., Safi, N., Hemeed, H., Sediqi, W., Naser, J.A. and Butt, W. (2009). <i>National malaria indicators assessment, 2008.</i> Kabul, Afghanistan: National Malaria and Leishmaniasis Control Program, Ministry of Public Health 13pg.","Youssef, R. (2009) personal communication.","Youssef, R, Safi, N, Hameed, H, Sedigi, W, Naser, JA and Butt, W. (2009).  <b>National Malaria Indicators Assessment 2008 Afghanistan Annual Malaria Journal (1) 37-49.</b> <b>1</b>(0):37-49","Afghanistan","AFG",35.78156,64.75443,"Microscopy",NA,11,2008,12,2008,12,90,0,30,NA
"16",807406,NA,"Youssef, R., Safi, N., Hemeed, H., Sediqi, W., Naser, J.A. and Butt, W. (2009). <i>National malaria indicators assessment, 2008.</i> Kabul, Afghanistan: National Malaria and Leishmaniasis Control Program, Ministry of Public Health 13pg.","Youssef, R. (2009) personal communication.","Youssef, R, Safi, N, Hameed, H, Sedigi, W, Naser, JA and Butt, W. (2009).  <b>National Malaria Indicators Assessment 2008 Afghanistan Annual Malaria Journal (1) 37-49.</b> <b>1</b>(0):37-49","Afghanistan","AFG",31.6118,65.7058,"Microscopy",NA,11,2008,12,2008,2,90,0,244,NA
"17",808881,NA,"Youssef, R., Safi, N., Hemeed, H., Sediqi, W., Naser, J.A. and Butt, W. (2009). <i>National malaria indicators assessment, 2008.</i> Kabul, Afghanistan: National Malaria and Leishmaniasis Control Program, Ministry of Public Health 13pg.","Youssef, R. (2009) personal communication.","Youssef, R, Safi, N, Hameed, H, Sedigi, W, Naser, JA and Butt, W. (2009).  <b>National Malaria Indicators Assessment 2008 Afghanistan Annual Malaria Journal (1) 37-49.</b> <b>1</b>(0):37-49","Afghanistan","AFG",36.52147,64.90939,"Microscopy",NA,11,2008,12,2008,12,49,0,19,NA
"18",813610,NA,"Youssef, R., Safi, N., Hemeed, H., Sediqi, W., Naser, J.A. and Butt, W. (2009). <i>National malaria indicators assessment, 2008.</i> Kabul, Afghanistan: National Malaria and Leishmaniasis Control Program, Ministry of Public Health 13pg.","Youssef, R. (2009) personal communication.","Youssef, R, Safi, N, Hameed, H, Sedigi, W, Naser, JA and Butt, W. (2009).  <b>National Malaria Indicators Assessment 2008 Afghanistan Annual Malaria Journal (1) 37-49.</b> <b>1</b>(0):37-49","Afghanistan","AFG",34.50959,70.56319,"Microscopy",NA,11,2008,12,2008,0,47,0,28,NA
"19",817894,NA,"Youssef, R., Safi, N., Hemeed, H., Sediqi, W., Naser, J.A. and Butt, W. (2009). <i>National malaria indicators assessment, 2008.</i> Kabul, Afghanistan: National Malaria and Leishmaniasis Control Program, Ministry of Public Health 13pg.","Youssef, R. (2009) personal communication.","Youssef, R, Safi, N, Hameed, H, Sedigi, W, Naser, JA and Butt, W. (2009).  <b>National Malaria Indicators Assessment 2008 Afghanistan Annual Malaria Journal (1) 37-49.</b> <b>1</b>(0):37-49","Afghanistan","AFG",34.3065,62.5674,"Microscopy",NA,11,2008,12,2008,0,65,0,113,NA
"20",805978,NA,"Youssef, R., Safi, N., Hemeed, H., Sediqi, W., Naser, J.A. and Butt, W. (2009). <i>National malaria indicators assessment, 2008.</i> Kabul, Afghanistan: National Malaria and Leishmaniasis Control Program, Ministry of Public Health 13pg.","Youssef, R. (2009) personal communication.","Youssef, R, Safi, N, Hameed, H, Sedigi, W, Naser, JA and Butt, W. (2009).  <b>National Malaria Indicators Assessment 2008 Afghanistan Annual Malaria Journal (1) 37-49.</b> <b>1</b>(0):37-49","Afghanistan","AFG",34.40916,70.5873,"Microscopy",NA,11,2008,12,2008,1,44,0,32,NA
"21",804973,NA,"Youssef, R., Safi, N., Hemeed, H., Sediqi, W., Naser, J.A. and Butt, W. (2009). <i>National malaria indicators assessment, 2008.</i> Kabul, Afghanistan: National Malaria and Leishmaniasis Control Program, Ministry of Public Health 13pg.","Youssef, R. (2009) personal communication.","Youssef, R, Safi, N, Hameed, H, Sedigi, W, Naser, JA and Butt, W. (2009).  <b>National Malaria Indicators Assessment 2008 Afghanistan Annual Malaria Journal (1) 37-49.</b> <b>1</b>(0):37-49","Afghanistan","AFG",34.3108,70.38859,"Microscopy",NA,11,2008,12,2008,2,45,0,12,NA
"22",822023,NA,"Youssef, R., Safi, N., Hemeed, H., Sediqi, W., Naser, J.A. and Butt, W. (2009). <i>National malaria indicators assessment, 2008.</i> Kabul, Afghanistan: National Malaria and Leishmaniasis Control Program, Ministry of Public Health 13pg.","Youssef, R. (2009) personal communication.","Youssef, R, Safi, N, Hameed, H, Sedigi, W, Naser, JA and Butt, W. (2009).  <b>National Malaria Indicators Assessment 2008 Afghanistan Annual Malaria Journal (1) 37-49.</b> <b>1</b>(0):37-49","Afghanistan","AFG",34.28147,70.8103,"Microscopy",NA,11,2008,12,2008,2,70,1,31,NA
"23",811770,NA,"Youssef, R., Safi, N., Hemeed, H., Sediqi, W., Naser, J.A. and Butt, W. (2009). <i>National malaria indicators assessment, 2008.</i> Kabul, Afghanistan: National Malaria and Leishmaniasis Control Program, Ministry of Public Health 13pg.","Youssef, R. (2009) personal communication.","Youssef, R, Safi, N, Hameed, H, Sedigi, W, Naser, JA and Butt, W. (2009).  <b>National Malaria Indicators Assessment 2008 Afghanistan Annual Malaria Journal (1) 37-49.</b> <b>1</b>(0):37-49","Afghanistan","AFG",34.43128,70.56701,"Microscopy",NA,11,2008,12,2008,2,60,0,26,NA
"24",814179,NA,"Youssef, R., Safi, N., Hemeed, H., Sediqi, W., Naser, J.A. and Butt, W. (2009). <i>National malaria indicators assessment, 2008.</i> Kabul, Afghanistan: National Malaria and Leishmaniasis Control Program, Ministry of Public Health 13pg.","Youssef, R. (2009) personal communication.","Youssef, R, Safi, N, Hameed, H, Sedigi, W, Naser, JA and Butt, W. (2009).  <b>National Malaria Indicators Assessment 2008 Afghanistan Annual Malaria Journal (1) 37-49.</b> <b>1</b>(0):37-49","Afghanistan","AFG",37.04979,70.40229,"Microscopy",NA,11,2008,12,2008,0,74,0,220,NA
"27",815319,NA,"Youssef, R., Safi, N., Hemeed, H., Sediqi, W., Naser, J.A. and Butt, W. (2009). <i>National malaria indicators assessment, 2008.</i> Kabul, Afghanistan: National Malaria and Leishmaniasis Control Program, Ministry of Public Health 13pg.","Youssef, R. (2009) personal communication.","Youssef, R, Safi, N, Hameed, H, Sedigi, W, Naser, JA and Butt, W. (2009).  <b>National Malaria Indicators Assessment 2008 Afghanistan Annual Malaria Journal (1) 37-49.</b> <b>1</b>(0):37-49","Afghanistan","AFG",35.62486,69.54846,"Microscopy",NA,11,2008,12,2008,0,42,0,14,NA
"28",820231,NA,"Youssef, R., Safi, N., Hemeed, H., Sediqi, W., Naser, J.A. and Butt, W. (2009). <i>National malaria indicators assessment, 2008.</i> Kabul, Afghanistan: National Malaria and Leishmaniasis Control Program, Ministry of Public Health 13pg.","Youssef, R. (2009) personal communication.","Youssef, R, Safi, N, Hameed, H, Sedigi, W, Naser, JA and Butt, W. (2009).  <b>National Malaria Indicators Assessment 2008 Afghanistan Annual Malaria Journal (1) 37-49.</b> <b>1</b>(0):37-49","Afghanistan","AFG",31.80139,65.08589,"Microscopy",NA,11,2008,12,2008,3,65,0,47,NA
"30",805932,NA,"Youssef, R., Safi, N., Hemeed, H., Sediqi, W., Naser, J.A. and Butt, W. (2009). <i>National malaria indicators assessment, 2008.</i> Kabul, Afghanistan: National Malaria and Leishmaniasis Control Program, Ministry of Public Health 13pg.","Youssef, R. (2009) personal communication.","Youssef, R, Safi, N, Hameed, H, Sedigi, W, Naser, JA and Butt, W. (2009).  <b>National Malaria Indicators Assessment 2008 Afghanistan Annual Malaria Journal (1) 37-49.</b> <b>1</b>(0):37-49","Afghanistan","AFG",34.43919,70.46729,"Microscopy",NA,11,2008,12,2008,0,45,0,38,NA
"31",814168,NA,"Youssef, R., Safi, N., Hemeed, H., Sediqi, W., Naser, J.A. and Butt, W. (2009). <i>National malaria indicators assessment, 2008.</i> Kabul, Afghanistan: National Malaria and Leishmaniasis Control Program, Ministry of Public Health 13pg.","Youssef, R. (2009) personal communication.","Youssef, R, Safi, N, Hameed, H, Sedigi, W, Naser, JA and Butt, W. (2009).  <b>National Malaria Indicators Assessment 2008 Afghanistan Annual Malaria Journal (1) 37-49.</b> <b>1</b>(0):37-49","Afghanistan","AFG",34.96649,70.8696,"Microscopy",NA,11,2008,12,2008,1,56,0,41,NA
"32",821354,NA,"Youssef, R., Safi, N., Hemeed, H., Sediqi, W., Naser, J.A. and Butt, W. (2009). <i>National malaria indicators assessment, 2008.</i> Kabul, Afghanistan: National Malaria and Leishmaniasis Control Program, Ministry of Public Health 13pg.","Youssef, R. (2009) personal communication.","Youssef, R, Safi, N, Hameed, H, Sedigi, W, Naser, JA and Butt, W. (2009).  <b>National Malaria Indicators Assessment 2008 Afghanistan Annual Malaria Journal (1) 37-49.</b> <b>1</b>(0):37-49","Afghanistan","AFG",34.23786,70.88916,"Microscopy",NA,11,2008,12,2008,2,70,0,33,NA
"36",811334,NA,"Youssef, R., Safi, N., Hemeed, H., Sediqi, W., Naser, J.A. and Butt, W. (2009). <i>National malaria indicators assessment, 2008.</i> Kabul, Afghanistan: National Malaria and Leishmaniasis Control Program, Ministry of Public Health 13pg.","Youssef, R. (2009) personal communication.","Youssef, R, Safi, N, Hameed, H, Sedigi, W, Naser, JA and Butt, W. (2009).  <b>National Malaria Indicators Assessment 2008 Afghanistan Annual Malaria Journal (1) 37-49.</b> <b>1</b>(0):37-49","Afghanistan","AFG",36.90833,70.77775,"Microscopy",NA,11,2008,12,2008,8,66,0,101,NA
"38",803877,NA,"Youssef, R., Safi, N., Hemeed, H., Sediqi, W., Naser, J.A. and Butt, W. (2009). <i>National malaria indicators assessment, 2008.</i> Kabul, Afghanistan: National Malaria and Leishmaniasis Control Program, Ministry of Public Health 13pg.","Youssef, R. (2009) personal communication.","Youssef, R, Safi, N, Hameed, H, Sedigi, W, Naser, JA and Butt, W. (2009).  <b>National Malaria Indicators Assessment 2008 Afghanistan Annual Malaria Journal (1) 37-49.</b> <b>1</b>(0):37-49","Afghanistan","AFG",34.4225,70.3419,"Microscopy",NA,11,2008,12,2008,0,60,0,43,NA
"40",808454,NA,"Youssef, R., Safi, N., Hemeed, H., Sediqi, W., Naser, J.A. and Butt, W. (2009). <i>National malaria indicators assessment, 2008.</i> Kabul, Afghanistan: National Malaria and Leishmaniasis Control Program, Ministry of Public Health 13pg.","Youssef, R. (2009) personal communication.","Youssef, R, Safi, N, Hameed, H, Sedigi, W, Naser, JA and Butt, W. (2009).  <b>National Malaria Indicators Assessment 2008 Afghanistan Annual Malaria Journal (1) 37-49.</b> <b>1</b>(0):37-49","Afghanistan","AFG",30.95963,61.86284,"Microscopy",NA,11,2008,12,2008,12,65,0,21,NA
"41",808822,NA,"Youssef, R., Safi, N., Hemeed, H., Sediqi, W., Naser, J.A. and Butt, W. (2009). <i>National malaria indicators assessment, 2008.</i> Kabul, Afghanistan: National Malaria and Leishmaniasis Control Program, Ministry of Public Health 13pg.","Youssef, R. (2009) personal communication.","Youssef, R, Safi, N, Hameed, H, Sedigi, W, Naser, JA and Butt, W. (2009).  <b>National Malaria Indicators Assessment 2008 Afghanistan Annual Malaria Journal (1) 37-49.</b> <b>1</b>(0):37-49","Afghanistan","AFG",34.43069,70.30989,"Microscopy",NA,11,2008,12,2008,6,47,0,53,NA
"42",818693,NA,"Youssef, R., Safi, N., Hemeed, H., Sediqi, W., Naser, J.A. and Butt, W. (2009). <i>National malaria indicators assessment, 2008.</i> Kabul, Afghanistan: National Malaria and Leishmaniasis Control Program, Ministry of Public Health 13pg.","Youssef, R. (2009) personal communication.","Youssef, R, Safi, N, Hameed, H, Sedigi, W, Naser, JA and Butt, W. (2009).  <b>National Malaria Indicators Assessment 2008 Afghanistan Annual Malaria Journal (1) 37-49.</b> <b>1</b>(0):37-49","Afghanistan","AFG",34.31299,70.34969,"Microscopy",NA,11,2008,12,2008,5,60,0,10,NA
"43",815184,NA,"Youssef, R., Safi, N., Hemeed, H., Sediqi, W., Naser, J.A. and Butt, W. (2009). <i>National malaria indicators assessment, 2008.</i> Kabul, Afghanistan: National Malaria and Leishmaniasis Control Program, Ministry of Public Health 13pg.","Youssef, R. (2009) personal communication.","Youssef, R, Safi, N, Hameed, H, Sedigi, W, Naser, JA and Butt, W. (2009).  <b>National Malaria Indicators Assessment 2008 Afghanistan Annual Malaria Journal (1) 37-49.</b> <b>1</b>(0):37-49","Afghanistan","AFG",34.9667,70.85729,"Microscopy",NA,11,2008,12,2008,0,65,2,63,NA
"44",816270,NA,"Youssef, R., Safi, N., Hemeed, H., Sediqi, W., Naser, J.A. and Butt, W. (2009). <i>National malaria indicators assessment, 2008.</i> Kabul, Afghanistan: National Malaria and Leishmaniasis Control Program, Ministry of Public Health 13pg.","Youssef, R. (2009) personal communication.","Youssef, R, Safi, N, Hameed, H, Sedigi, W, Naser, JA and Butt, W. (2009).  <b>National Malaria Indicators Assessment 2008 Afghanistan Annual Malaria Journal (1) 37-49.</b> <b>1</b>(0):37-49","Afghanistan","AFG",35.89928,64.83995,"Microscopy",NA,11,2008,12,2008,12,98,0,35,NA
"45",808638,NA,"Youssef, R., Safi, N., Hemeed, H., Sediqi, W., Naser, J.A. and Butt, W. (2009). <i>National malaria indicators assessment, 2008.</i> Kabul, Afghanistan: National Malaria and Leishmaniasis Control Program, Ministry of Public Health 13pg.","Youssef, R. (2009) personal communication.","Youssef, R, Safi, N, Hameed, H, Sedigi, W, Naser, JA and Butt, W. (2009).  <b>National Malaria Indicators Assessment 2008 Afghanistan Annual Malaria Journal (1) 37-49.</b> <b>1</b>(0):37-49","Afghanistan","AFG",34.99824,67.9975,"Microscopy",NA,11,2008,12,2008,2,80,0,36,NA
"46",820573,NA,"Youssef, R., Safi, N., Hemeed, H., Sediqi, W., Naser, J.A. and Butt, W. (2009). <i>National malaria indicators assessment, 2008.</i> Kabul, Afghanistan: National Malaria and Leishmaniasis Control Program, Ministry of Public Health 13pg.","Youssef, R. (2009) personal communication.","Youssef, R, Safi, N, Hameed, H, Sedigi, W, Naser, JA and Butt, W. (2009).  <b>National Malaria Indicators Assessment 2008 Afghanistan Annual Malaria Journal (1) 37-49.</b> <b>1</b>(0):37-49","Afghanistan","AFG",31.8198,65.0652,"Microscopy",NA,11,2008,12,2008,13,58,0,17,NA
"47",811493,NA,"Youssef, R., Safi, N., Hemeed, H., Sediqi, W., Naser, J.A. and Butt, W. (2009). <i>National malaria indicators assessment, 2008.</i> Kabul, Afghanistan: National Malaria and Leishmaniasis Control Program, Ministry of Public Health 13pg.","Youssef, R. (2009) personal communication.","Youssef, R, Safi, N, Hameed, H, Sedigi, W, Naser, JA and Butt, W. (2009).  <b>National Malaria Indicators Assessment 2008 Afghanistan Annual Malaria Journal (1) 37-49.</b> <b>1</b>(0):37-49","Afghanistan","AFG",34.82178,67.82502,"Microscopy",NA,11,2008,12,2008,5,70,0,49,NA
"49",820005,NA,"Youssef, R., Safi, N., Hemeed, H., Sediqi, W., Naser, J.A. and Butt, W. (2009). <i>National malaria indicators assessment, 2008.</i> Kabul, Afghanistan: National Malaria and Leishmaniasis Control Program, Ministry of Public Health 13pg.","Youssef, R. (2009) personal communication.","Youssef, R, Safi, N, Hameed, H, Sedigi, W, Naser, JA and Butt, W. (2009).  <b>National Malaria Indicators Assessment 2008 Afghanistan Annual Malaria Journal (1) 37-49.</b> <b>1</b>(0):37-49","Afghanistan","AFG",35.96563,68.62666,"Microscopy",NA,11,2008,12,2008,2,70,0,30,NA
"51",803907,NA,"Youssef, R., Safi, N., Hemeed, H., Sediqi, W., Naser, J.A. and Butt, W. (2009). <i>National malaria indicators assessment, 2008.</i> Kabul, Afghanistan: National Malaria and Leishmaniasis Control Program, Ministry of Public Health 13pg.","Youssef, R. (2009) personal communication.","Youssef, R, Safi, N, Hameed, H, Sedigi, W, Naser, JA and Butt, W. (2009).  <b>National Malaria Indicators Assessment 2008 Afghanistan Annual Malaria Journal (1) 37-49.</b> <b>1</b>(0):37-49","Afghanistan","AFG",34.75713,71.04125,"Microscopy",NA,11,2008,12,2008,0,45,0,63,NA
"53",817530,NA,"Youssef, R., Safi, N., Hemeed, H., Sediqi, W., Naser, J.A. and Butt, W. (2009). <i>National malaria indicators assessment, 2008.</i> Kabul, Afghanistan: National Malaria and Leishmaniasis Control Program, Ministry of Public Health 13pg.","Youssef, R. (2009) personal communication.","Youssef, R, Safi, N, Hameed, H, Sedigi, W, Naser, JA and Butt, W. (2009).  <b>National Malaria Indicators Assessment 2008 Afghanistan Annual Malaria Journal (1) 37-49.</b> <b>1</b>(0):37-49","Afghanistan","AFG",34.91719,66.46919,"Microscopy",NA,11,2008,12,2008,3,92,0,21,NA
"55",805254,NA,"Youssef, R., Safi, N., Hemeed, H., Sediqi, W., Naser, J.A. and Butt, W. (2009). <i>National malaria indicators assessment, 2008.</i> Kabul, Afghanistan: National Malaria and Leishmaniasis Control Program, Ministry of Public Health 13pg.","Youssef, R. (2009) personal communication.","Youssef, R, Safi, N, Hameed, H, Sedigi, W, Naser, JA and Butt, W. (2009).  <b>National Malaria Indicators Assessment 2008 Afghanistan Annual Malaria Journal (1) 37-49.</b> <b>1</b>(0):37-49","Afghanistan","AFG",30.1703,62.68831,"Microscopy",NA,11,2008,12,2008,12,60,0,11,NA
"56",818655,NA,"Youssef, R., Safi, N., Hemeed, H., Sediqi, W., Naser, J.A. and Butt, W. (2009). <i>National malaria indicators assessment, 2008.</i> Kabul, Afghanistan: National Malaria and Leishmaniasis Control Program, Ministry of Public Health 13pg.","Youssef, R. (2009) personal communication.","Youssef, R, Safi, N, Hameed, H, Sedigi, W, Naser, JA and Butt, W. (2009).  <b>National Malaria Indicators Assessment 2008 Afghanistan Annual Malaria Journal (1) 37-49.</b> <b>1</b>(0):37-49","Afghanistan","AFG",31.6753,65.63984,"Microscopy",NA,11,2008,12,2008,4,60,0,29,NA
"58",808815,NA,"Youssef, R., Safi, N., Hemeed, H., Sediqi, W., Naser, J.A. and Butt, W. (2009). <i>National malaria indicators assessment, 2008.</i> Kabul, Afghanistan: National Malaria and Leishmaniasis Control Program, Ministry of Public Health 13pg.","Youssef, R. (2009) personal communication.","Youssef, R, Safi, N, Hameed, H, Sedigi, W, Naser, JA and Butt, W. (2009).  <b>National Malaria Indicators Assessment 2008 Afghanistan Annual Malaria Journal (1) 37-49.</b> <b>1</b>(0):37-49","Afghanistan","AFG",34.58889,61.9842,"Microscopy",NA,11,2008,12,2008,0,80,0,43,NA
"59",816320,NA,"Youssef, R., Safi, N., Hemeed, H., Sediqi, W., Naser, J.A. and Butt, W. (2009). <i>National malaria indicators assessment, 2008.</i> Kabul, Afghanistan: National Malaria and Leishmaniasis Control Program, Ministry of Public Health 13pg.","Youssef, R. (2009) personal communication.","Youssef, R, Safi, N, Hameed, H, Sedigi, W, Naser, JA and Butt, W. (2009).  <b>National Malaria Indicators Assessment 2008 Afghanistan Annual Malaria Journal (1) 37-49.</b> <b>1</b>(0):37-49","Afghanistan","AFG",31.74036,66.00449,"Microscopy",NA,11,2008,12,2008,12,60,0,35,NA
"60",804940,NA,"Youssef, R., Safi, N., Hemeed, H., Sediqi, W., Naser, J.A. and Butt, W. (2009). <i>National malaria indicators assessment, 2008.</i> Kabul, Afghanistan: National Malaria and Leishmaniasis Control Program, Ministry of Public Health 13pg.","Youssef, R. (2009) personal communication.","Youssef, R, Safi, N, Hameed, H, Sedigi, W, Naser, JA and Butt, W. (2009).  <b>National Malaria Indicators Assessment 2008 Afghanistan Annual Malaria Journal (1) 37-49.</b> <b>1</b>(0):37-49","Afghanistan","AFG",37.4276,70.20662,"Microscopy",NA,11,2008,12,2008,14,55,0,8,NA
"61",814531,NA,"Youssef, R., Safi, N., Hemeed, H., Sediqi, W., Naser, J.A. and Butt, W. (2009). <i>National malaria indicators assessment, 2008.</i> Kabul, Afghanistan: National Malaria and Leishmaniasis Control Program, Ministry of Public Health 13pg.","Youssef, R. (2009) personal communication.","Youssef, R, Safi, N, Hameed, H, Sedigi, W, Naser, JA and Butt, W. (2009).  <b>National Malaria Indicators Assessment 2008 Afghanistan Annual Malaria Journal (1) 37-49.</b> <b>1</b>(0):37-49","Afghanistan","AFG",34.42062,61.45975,"Microscopy",NA,11,2008,12,2008,0,60,0,73,NA
"62",814928,NA,"Youssef, R., Safi, N., Hemeed, H., Sediqi, W., Naser, J.A. and Butt, W. (2009). <i>National malaria indicators assessment, 2008.</i> Kabul, Afghanistan: National Malaria and Leishmaniasis Control Program, Ministry of Public Health 13pg.","Youssef, R. (2009) personal communication.","Youssef, R, Safi, N, Hameed, H, Sedigi, W, Naser, JA and Butt, W. (2009).  <b>National Malaria Indicators Assessment 2008 Afghanistan Annual Malaria Journal (1) 37-49.</b> <b>1</b>(0):37-49","Afghanistan","AFG",34.24297,62.42445,"Microscopy",NA,11,2008,12,2008,0,70,0,118,NA
"63",810361,NA,"Youssef, R., Safi, N., Hemeed, H., Sediqi, W., Naser, J.A. and Butt, W. (2009). <i>National malaria indicators assessment, 2008.</i> Kabul, Afghanistan: National Malaria and Leishmaniasis Control Program, Ministry of Public Health 13pg.","Youssef, R. (2009) personal communication.","Youssef, R, Safi, N, Hameed, H, Sedigi, W, Naser, JA and Butt, W. (2009).  <b>National Malaria Indicators Assessment 2008 Afghanistan Annual Malaria Journal (1) 37-49.</b> <b>1</b>(0):37-49","Afghanistan","AFG",34.42708,70.37882,"Microscopy",NA,11,2008,12,2008,1,70,0,52,NA
"65",812061,NA,"Youssef, R., Safi, N., Hemeed, H., Sediqi, W., Naser, J.A. and Butt, W. (2009). <i>National malaria indicators assessment, 2008.</i> Kabul, Afghanistan: National Malaria and Leishmaniasis Control Program, Ministry of Public Health 13pg.","Youssef, R. (2009) personal communication.","Youssef, R, Safi, N, Hameed, H, Sedigi, W, Naser, JA and Butt, W. (2009).  <b>National Malaria Indicators Assessment 2008 Afghanistan Annual Malaria Journal (1) 37-49.</b> <b>1</b>(0):37-49","Afghanistan","AFG",35.89357,68.74592,"Microscopy",NA,11,2008,12,2008,2,70,0,42,NA
"67",810115,NA,"Youssef, R., Safi, N., Hemeed, H., Sediqi, W., Naser, J.A. and Butt, W. (2009). <i>National malaria indicators assessment, 2008.</i> Kabul, Afghanistan: National Malaria and Leishmaniasis Control Program, Ministry of Public Health 13pg.","Youssef, R. (2009) personal communication.","Youssef, R, Safi, N, Hameed, H, Sedigi, W, Naser, JA and Butt, W. (2009).  <b>National Malaria Indicators Assessment 2008 Afghanistan Annual Malaria Journal (1) 37-49.</b> <b>1</b>(0):37-49","Afghanistan","AFG",35.61459,65.08319,"Microscopy",NA,11,2008,12,2008,1,65,0,28,NA
"68",807246,NA,"Youssef, R., Safi, N., Hemeed, H., Sediqi, W., Naser, J.A. and Butt, W. (2009). <i>National malaria indicators assessment, 2008.</i> Kabul, Afghanistan: National Malaria and Leishmaniasis Control Program, Ministry of Public Health 13pg.","Youssef, R. (2009) personal communication.","Youssef, R, Safi, N, Hameed, H, Sedigi, W, Naser, JA and Butt, W. (2009).  <b>National Malaria Indicators Assessment 2008 Afghanistan Annual Malaria Journal (1) 37-49.</b> <b>1</b>(0):37-49","Afghanistan","AFG",36.10329,64.65209,"Microscopy",NA,11,2008,12,2008,2,76,0,82,NA
"70",803758,NA,"Youssef, R., Safi, N., Hemeed, H., Sediqi, W., Naser, J.A. and Butt, W. (2009). <i>National malaria indicators assessment, 2008.</i> Kabul, Afghanistan: National Malaria and Leishmaniasis Control Program, Ministry of Public Health 13pg.","Youssef, R. (2009) personal communication.","Youssef, R, Safi, N, Hameed, H, Sedigi, W, Naser, JA and Butt, W. (2009).  <b>National Malaria Indicators Assessment 2008 Afghanistan Annual Malaria Journal (1) 37-49.</b> <b>1</b>(0):37-49","Afghanistan","AFG",34.87455,71.14681,"Microscopy",NA,11,2008,12,2008,0,75,0,113,NA
"71",805303,NA,"Youssef, R., Safi, N., Hemeed, H., Sediqi, W., Naser, J.A. and Butt, W. (2009). <i>National malaria indicators assessment, 2008.</i> Kabul, Afghanistan: National Malaria and Leishmaniasis Control Program, Ministry of Public Health 13pg.","Youssef, R. (2009) personal communication.","Youssef, R, Safi, N, Hameed, H, Sedigi, W, Naser, JA and Butt, W. (2009).  <b>National Malaria Indicators Assessment 2008 Afghanistan Annual Malaria Journal (1) 37-49.</b> <b>1</b>(0):37-49","Afghanistan","AFG",35.0048,71.2681,"Microscopy",NA,11,2008,12,2008,1,80,1,64,NA
"72",818841,NA,"Youssef, R., Safi, N., Hemeed, H., Sediqi, W., Naser, J.A. and Butt, W. (2009). <i>National malaria indicators assessment, 2008.</i> Kabul, Afghanistan: National Malaria and Leishmaniasis Control Program, Ministry of Public Health 13pg.","Youssef, R. (2009) personal communication.","Youssef, R, Safi, N, Hameed, H, Sedigi, W, Naser, JA and Butt, W. (2009).  <b>National Malaria Indicators Assessment 2008 Afghanistan Annual Malaria Journal (1) 37-49.</b> <b>1</b>(0):37-49","Afghanistan","AFG",34.31664,70.7682,"Microscopy",NA,11,2008,12,2008,1,70,0,40,NA
"75",804661,NA,"Youssef, R., Safi, N., Hemeed, H., Sediqi, W., Naser, J.A. and Butt, W. (2009). <i>National malaria indicators assessment, 2008.</i> Kabul, Afghanistan: National Malaria and Leishmaniasis Control Program, Ministry of Public Health 13pg.","Youssef, R. (2009) personal communication.","Youssef, R, Safi, N, Hameed, H, Sedigi, W, Naser, JA and Butt, W. (2009).  <b>National Malaria Indicators Assessment 2008 Afghanistan Annual Malaria Journal (1) 37-49.</b> <b>1</b>(0):37-49","Afghanistan","AFG",30.17609,62.6785,"Microscopy",NA,11,2008,12,2008,13,50,0,13,NA
"78",810673,NA,"Youssef, R., Safi, N., Hemeed, H., Sediqi, W., Naser, J.A. and Butt, W. (2009). <i>National malaria indicators assessment, 2008.</i> Kabul, Afghanistan: National Malaria and Leishmaniasis Control Program, Ministry of Public Health 13pg.","Youssef, R. (2009) personal communication.","Youssef, R, Safi, N, Hameed, H, Sedigi, W, Naser, JA and Butt, W. (2009).  <b>National Malaria Indicators Assessment 2008 Afghanistan Annual Malaria Journal (1) 37-49.</b> <b>1</b>(0):37-49","Afghanistan","AFG",35.66319,68.72549,"Microscopy",NA,11,2008,12,2008,0,70,0,34,NA
"79",814391,NA,"Youssef, R., Safi, N., Hemeed, H., Sediqi, W., Naser, J.A. and Butt, W. (2009). <i>National malaria indicators assessment, 2008.</i> Kabul, Afghanistan: National Malaria and Leishmaniasis Control Program, Ministry of Public Health 13pg.","Youssef, R. (2009) personal communication.","Youssef, R, Safi, N, Hameed, H, Sedigi, W, Naser, JA and Butt, W. (2009).  <b>National Malaria Indicators Assessment 2008 Afghanistan Annual Malaria Journal (1) 37-49.</b> <b>1</b>(0):37-49","Afghanistan","AFG",35.7405,68.31499,"Microscopy",NA,11,2008,12,2008,2,65,0,26,NA
"81",816330,NA,"Youssef, R., Safi, N., Hemeed, H., Sediqi, W., Naser, J.A. and Butt, W. (2009). <i>National malaria indicators assessment, 2008.</i> Kabul, Afghanistan: National Malaria and Leishmaniasis Control Program, Ministry of Public Health 13pg.","Youssef, R. (2009) personal communication.","Youssef, R, Safi, N, Hameed, H, Sedigi, W, Naser, JA and Butt, W. (2009).  <b>National Malaria Indicators Assessment 2008 Afghanistan Annual Malaria Journal (1) 37-49.</b> <b>1</b>(0):37-49","Afghanistan","AFG",34.41399,62.0785,"Microscopy",NA,11,2008,12,2008,0,73,0,119,NA
"83",816692,NA,"Youssef, R., Safi, N., Hemeed, H., Sediqi, W., Naser, J.A. and Butt, W. (2009). <i>National malaria indicators assessment, 2008.</i> Kabul, Afghanistan: National Malaria and Leishmaniasis Control Program, Ministry of Public Health 13pg.","Youssef, R. (2009) personal communication.","Youssef, R, Safi, N, Hameed, H, Sedigi, W, Naser, JA and Butt, W. (2009).  <b>National Malaria Indicators Assessment 2008 Afghanistan Annual Malaria Journal (1) 37-49.</b> <b>1</b>(0):37-49","Afghanistan","AFG",30.46189,61.8423,"Microscopy",NA,11,2008,12,2008,12,65,0,20,NA
"87",810392,NA,"Youssef, R., Safi, N., Hemeed, H., Sediqi, W., Naser, J.A. and Butt, W. (2009). <i>National malaria indicators assessment, 2008.</i> Kabul, Afghanistan: National Malaria and Leishmaniasis Control Program, Ministry of Public Health 13pg.","Youssef, R. (2009) personal communication.","Youssef, R, Safi, N, Hameed, H, Sedigi, W, Naser, JA and Butt, W. (2009).  <b>National Malaria Indicators Assessment 2008 Afghanistan Annual Malaria Journal (1) 37-49.</b> <b>1</b>(0):37-49","Afghanistan","AFG",35.91732,64.78476,"Microscopy",NA,11,2008,12,2008,12,77,0,18,NA
"90",814049,NA,"Youssef, R., Safi, N., Hemeed, H., Sediqi, W., Naser, J.A. and Butt, W. (2009). <i>National malaria indicators assessment, 2008.</i> Kabul, Afghanistan: National Malaria and Leishmaniasis Control Program, Ministry of Public Health 13pg.","Youssef, R. (2009) personal communication.","Youssef, R, Safi, N, Hameed, H, Sedigi, W, Naser, JA and Butt, W. (2009).  <b>National Malaria Indicators Assessment 2008 Afghanistan Annual Malaria Journal (1) 37-49.</b> <b>1</b>(0):37-49","Afghanistan","AFG",36.40601,64.93413,"Microscopy",NA,11,2008,12,2008,4,70,0,45,NA
"92",803591,NA,"Youssef, R., Safi, N., Hemeed, H., Sediqi, W., Naser, J.A. and Butt, W. (2009). <i>National malaria indicators assessment, 2008.</i> Kabul, Afghanistan: National Malaria and Leishmaniasis Control Program, Ministry of Public Health 13pg.","Youssef, R. (2009) personal communication.","Youssef, R, Safi, N, Hameed, H, Sedigi, W, Naser, JA and Butt, W. (2009).  <b>National Malaria Indicators Assessment 2008 Afghanistan Annual Malaria Journal (1) 37-49.</b> <b>1</b>(0):37-49","Afghanistan","AFG",36.9781,65.17339,"Microscopy",NA,11,2008,12,2008,12,70,0,33,NA
"93",808216,NA,"Youssef, R., Safi, N., Hemeed, H., Sediqi, W., Naser, J.A. and Butt, W. (2009). <i>National malaria indicators assessment, 2008.</i> Kabul, Afghanistan: National Malaria and Leishmaniasis Control Program, Ministry of Public Health 13pg.","Youssef, R. (2009) personal communication.","Youssef, R, Safi, N, Hameed, H, Sedigi, W, Naser, JA and Butt, W. (2009).  <b>National Malaria Indicators Assessment 2008 Afghanistan Annual Malaria Journal (1) 37-49.</b> <b>1</b>(0):37-49","Afghanistan","AFG",34.2757,62.16871,"Microscopy",NA,11,2008,12,2008,1,99,0,69,NA
"94",810834,NA,"Youssef, R., Safi, N., Hemeed, H., Sediqi, W., Naser, J.A. and Butt, W. (2009). <i>National malaria indicators assessment, 2008.</i> Kabul, Afghanistan: National Malaria and Leishmaniasis Control Program, Ministry of Public Health 13pg.","Youssef, R. (2009) personal communication.","Youssef, R, Safi, N, Hameed, H, Sedigi, W, Naser, JA and Butt, W. (2009).  <b>National Malaria Indicators Assessment 2008 Afghanistan Annual Malaria Journal (1) 37-49.</b> <b>1</b>(0):37-49","Afghanistan","AFG",36.31106,68.77648,"Microscopy",NA,11,2008,12,2008,2,52,0,32,NA
"95",820097,NA,"Youssef, R., Safi, N., Hemeed, H., Sediqi, W., Naser, J.A. and Butt, W. (2009). <i>National malaria indicators assessment, 2008.</i> Kabul, Afghanistan: National Malaria and Leishmaniasis Control Program, Ministry of Public Health 13pg.","Youssef, R. (2009) personal communication.","Youssef, R, Safi, N, Hameed, H, Sedigi, W, Naser, JA and Butt, W. (2009).  <b>National Malaria Indicators Assessment 2008 Afghanistan Annual Malaria Journal (1) 37-49.</b> <b>1</b>(0):37-49","Afghanistan","AFG",35.8177,68.81802,"Microscopy",NA,11,2008,12,2008,2,70,0,19,NA
"96",821178,NA,"Youssef, R., Safi, N., Hemeed, H., Sediqi, W., Naser, J.A. and Butt, W. (2009). <i>National malaria indicators assessment, 2008.</i> Kabul, Afghanistan: National Malaria and Leishmaniasis Control Program, Ministry of Public Health 13pg.","Youssef, R. (2009) personal communication.","Youssef, R, Safi, N, Hameed, H, Sedigi, W, Naser, JA and Butt, W. (2009).  <b>National Malaria Indicators Assessment 2008 Afghanistan Annual Malaria Journal (1) 37-49.</b> <b>1</b>(0):37-49","Afghanistan","AFG",36.06181,68.58814,"Microscopy",NA,11,2008,12,2008,1,70,0,61,NA
"97",809323,NA,"Youssef, R., Safi, N., Hemeed, H., Sediqi, W., Naser, J.A. and Butt, W. (2009). <i>National malaria indicators assessment, 2008.</i> Kabul, Afghanistan: National Malaria and Leishmaniasis Control Program, Ministry of Public Health 13pg.","Youssef, R. (2009) personal communication.","Youssef, R, Safi, N, Hameed, H, Sedigi, W, Naser, JA and Butt, W. (2009).  <b>National Malaria Indicators Assessment 2008 Afghanistan Annual Malaria Journal (1) 37-49.</b> <b>1</b>(0):37-49","Afghanistan","AFG",36.14239,65.01392,"Microscopy",NA,11,2008,12,2008,12,70,0,21,NA
"98",813868,NA,"Youssef, R., Safi, N., Hemeed, H., Sediqi, W., Naser, J.A. and Butt, W. (2009). <i>National malaria indicators assessment, 2008.</i> Kabul, Afghanistan: National Malaria and Leishmaniasis Control Program, Ministry of Public Health 13pg.","Youssef, R. (2009) personal communication.","Youssef, R, Safi, N, Hameed, H, Sedigi, W, Naser, JA and Butt, W. (2009).  <b>National Malaria Indicators Assessment 2008 Afghanistan Annual Malaria Journal (1) 37-49.</b> <b>1</b>(0):37-49","Afghanistan","AFG",34.34999,62.2,"Microscopy",NA,11,2008,12,2008,0,75,0,113,NA
"101",806493,NA,"Youssef, R., Safi, N., Hemeed, H., Sediqi, W., Naser, J.A. and Butt, W. (2009). <i>National malaria indicators assessment, 2008.</i> Kabul, Afghanistan: National Malaria and Leishmaniasis Control Program, Ministry of Public Health 13pg.","Youssef, R. (2009) personal communication.","Youssef, R, Safi, N, Hameed, H, Sedigi, W, Naser, JA and Butt, W. (2009).  <b>National Malaria Indicators Assessment 2008 Afghanistan Annual Malaria Journal (1) 37-49.</b> <b>1</b>(0):37-49","Afghanistan","AFG",34.2381,70.45079,"Microscopy",NA,11,2008,12,2008,10,90,0,10,NA
"103",803961,NA,"Youssef, R., Safi, N., Hemeed, H., Sediqi, W., Naser, J.A. and Butt, W. (2009). <i>National malaria indicators assessment, 2008.</i> Kabul, Afghanistan: National Malaria and Leishmaniasis Control Program, Ministry of Public Health 13pg.","Youssef, R. (2009) personal communication.","Youssef, R, Safi, N, Hameed, H, Sedigi, W, Naser, JA and Butt, W. (2009).  <b>National Malaria Indicators Assessment 2008 Afghanistan Annual Malaria Journal (1) 37-49.</b> <b>1</b>(0):37-49","Afghanistan","AFG",34.27129,63.00341,"Microscopy",NA,11,2008,12,2008,0,80,0,85,NA
"104",816705,NA,"Youssef, R., Safi, N., Hemeed, H., Sediqi, W., Naser, J.A. and Butt, W. (2009). <i>National malaria indicators assessment, 2008.</i> Kabul, Afghanistan: National Malaria and Leishmaniasis Control Program, Ministry of Public Health 13pg.","Youssef, R. (2009) personal communication.","Youssef, R, Safi, N, Hameed, H, Sedigi, W, Naser, JA and Butt, W. (2009).  <b>National Malaria Indicators Assessment 2008 Afghanistan Annual Malaria Journal (1) 37-49.</b> <b>1</b>(0):37-49","Afghanistan","AFG",36.03951,68.99214,"Microscopy",NA,11,2008,12,2008,1,45,0,18,NA
"106",813117,NA,"Youssef, R., Safi, N., Hemeed, H., Sediqi, W., Naser, J.A. and Butt, W. (2009). <i>National malaria indicators assessment, 2008.</i> Kabul, Afghanistan: National Malaria and Leishmaniasis Control Program, Ministry of Public Health 13pg.","Youssef, R. (2009) personal communication.","Youssef, R, Safi, N, Hameed, H, Sedigi, W, Naser, JA and Butt, W. (2009).  <b>National Malaria Indicators Assessment 2008 Afghanistan Annual Malaria Journal (1) 37-49.</b> <b>1</b>(0):37-49","Afghanistan","AFG",34.43281,61.058,"Microscopy",NA,11,2008,12,2008,1,73,0,61,NA
"108",819643,NA,"Youssef, R., Safi, N., Hemeed, H., Sediqi, W., Naser, J.A. and Butt, W. (2009). <i>National malaria indicators assessment, 2008.</i> Kabul, Afghanistan: National Malaria and Leishmaniasis Control Program, Ministry of Public Health 13pg.","Youssef, R. (2009) personal communication.","Youssef, R, Safi, N, Hameed, H, Sedigi, W, Naser, JA and Butt, W. (2009).  <b>National Malaria Indicators Assessment 2008 Afghanistan Annual Malaria Journal (1) 37-49.</b> <b>1</b>(0):37-49","Afghanistan","AFG",34.29041,70.8218,"Microscopy",NA,11,2008,12,2008,1,80,0,23,NA
"109",814849,NA,"Youssef, R., Safi, N., Hemeed, H., Sediqi, W., Naser, J.A. and Butt, W. (2009). <i>National malaria indicators assessment, 2008.</i> Kabul, Afghanistan: National Malaria and Leishmaniasis Control Program, Ministry of Public Health 13pg.","Youssef, R. (2009) personal communication.","Youssef, R, Safi, N, Hameed, H, Sedigi, W, Naser, JA and Butt, W. (2009).  <b>National Malaria Indicators Assessment 2008 Afghanistan Annual Malaria Journal (1) 37-49.</b> <b>1</b>(0):37-49","Afghanistan","AFG",34.65057,70.45169,"Microscopy",NA,11,2008,12,2008,1,80,0,33,NA
"110",819241,NA,"Youssef, R., Safi, N., Hemeed, H., Sediqi, W., Naser, J.A. and Butt, W. (2009). <i>National malaria indicators assessment, 2008.</i> Kabul, Afghanistan: National Malaria and Leishmaniasis Control Program, Ministry of Public Health 13pg.","Youssef, R. (2009) personal communication.","Youssef, R, Safi, N, Hameed, H, Sedigi, W, Naser, JA and Butt, W. (2009).  <b>National Malaria Indicators Assessment 2008 Afghanistan Annual Malaria Journal (1) 37-49.</b> <b>1</b>(0):37-49","Afghanistan","AFG",30.43279,61.83421,"Microscopy",NA,11,2008,12,2008,12,60,0,15,NA
"111",812805,NA,"Youssef, R., Safi, N., Hemeed, H., Sediqi, W., Naser, J.A. and Butt, W. (2009). <i>National malaria indicators assessment, 2008.</i> Kabul, Afghanistan: National Malaria and Leishmaniasis Control Program, Ministry of Public Health 13pg.","Youssef, R. (2009) personal communication.","Youssef, R, Safi, N, Hameed, H, Sedigi, W, Naser, JA and Butt, W. (2009).  <b>National Malaria Indicators Assessment 2008 Afghanistan Annual Malaria Journal (1) 37-49.</b> <b>1</b>(0):37-49","Afghanistan","AFG",34.26164,70.83455,"Microscopy",NA,11,2008,12,2008,2,60,3,26,NA
"112",813366,NA,"Youssef, R., Safi, N., Hemeed, H., Sediqi, W., Naser, J.A. and Butt, W. (2009). <i>National malaria indicators assessment, 2008.</i> Kabul, Afghanistan: National Malaria and Leishmaniasis Control Program, Ministry of Public Health 13pg.","Youssef, R. (2009) personal communication.","Youssef, R, Safi, N, Hameed, H, Sedigi, W, Naser, JA and Butt, W. (2009).  <b>National Malaria Indicators Assessment 2008 Afghanistan Annual Malaria Journal (1) 37-49.</b> <b>1</b>(0):37-49","Afghanistan","AFG",35.9333,68.7167,"Microscopy",NA,11,2008,12,2008,3,55,0,20,NA
"113",818805,NA,"Youssef, R., Safi, N., Hemeed, H., Sediqi, W., Naser, J.A. and Butt, W. (2009). <i>National malaria indicators assessment, 2008.</i> Kabul, Afghanistan: National Malaria and Leishmaniasis Control Program, Ministry of Public Health 13pg.","Youssef, R. (2009) personal communication.","Youssef, R, Safi, N, Hameed, H, Sedigi, W, Naser, JA and Butt, W. (2009).  <b>National Malaria Indicators Assessment 2008 Afghanistan Annual Malaria Journal (1) 37-49.</b> <b>1</b>(0):37-49","Afghanistan","AFG",34.4164,61.52761,"Microscopy",NA,11,2008,12,2008,0,75,0,54,NA
"114",812433,NA,"Youssef, R., Safi, N., Hemeed, H., Sediqi, W., Naser, J.A. and Butt, W. (2009). <i>National malaria indicators assessment, 2008.</i> Kabul, Afghanistan: National Malaria and Leishmaniasis Control Program, Ministry of Public Health 13pg.","Youssef, R. (2009) personal communication.","Youssef, R, Safi, N, Hameed, H, Sedigi, W, Naser, JA and Butt, W. (2009).  <b>National Malaria Indicators Assessment 2008 Afghanistan Annual Malaria Journal (1) 37-49.</b> <b>1</b>(0):37-49","Afghanistan","AFG",36.1439,64.89328,"Microscopy",NA,11,2008,12,2008,12,70,0,33,NA
"115",815175,NA,"Youssef, R., Safi, N., Hemeed, H., Sediqi, W., Naser, J.A. and Butt, W. (2009). <i>National malaria indicators assessment, 2008.</i> Kabul, Afghanistan: National Malaria and Leishmaniasis Control Program, Ministry of Public Health 13pg.","Youssef, R. (2009) personal communication.","Youssef, R, Safi, N, Hameed, H, Sedigi, W, Naser, JA and Butt, W. (2009).  <b>National Malaria Indicators Assessment 2008 Afghanistan Annual Malaria Journal (1) 37-49.</b> <b>1</b>(0):37-49","Afghanistan","AFG",34.5183,62.92641,"Microscopy",NA,11,2008,12,2008,0,99,0,114,NA
"116",811079,NA,"Youssef, R., Safi, N., Hemeed, H., Sediqi, W., Naser, J.A. and Butt, W. (2009). <i>National malaria indicators assessment, 2008.</i> Kabul, Afghanistan: National Malaria and Leishmaniasis Control Program, Ministry of Public Health 13pg.","Youssef, R. (2009) personal communication.","Youssef, R, Safi, N, Hameed, H, Sedigi, W, Naser, JA and Butt, W. (2009).  <b>National Malaria Indicators Assessment 2008 Afghanistan Annual Malaria Journal (1) 37-49.</b> <b>1</b>(0):37-49","Afghanistan","AFG",34.89047,71.18141,"Microscopy",NA,11,2008,12,2008,0,57,0,46,NA
"117",806636,NA,"Youssef, R., Safi, N., Hemeed, H., Sediqi, W., Naser, J.A. and Butt, W. (2009). <i>National malaria indicators assessment, 2008.</i> Kabul, Afghanistan: National Malaria and Leishmaniasis Control Program, Ministry of Public Health 13pg.","Youssef, R. (2009) personal communication.","Youssef, R, Safi, N, Hameed, H, Sedigi, W, Naser, JA and Butt, W. (2009).  <b>National Malaria Indicators Assessment 2008 Afghanistan Annual Malaria Journal (1) 37-49.</b> <b>1</b>(0):37-49","Afghanistan","AFG",34.27,63.03261,"Microscopy",NA,11,2008,12,2008,0,55,0,92,NA
"118",806151,NA,"Youssef, R., Safi, N., Hemeed, H., Sediqi, W., Naser, J.A. and Butt, W. (2009). <i>National malaria indicators assessment, 2008.</i> Kabul, Afghanistan: National Malaria and Leishmaniasis Control Program, Ministry of Public Health 13pg.","Youssef, R. (2009) personal communication.","Youssef, R, Safi, N, Hameed, H, Sedigi, W, Naser, JA and Butt, W. (2009).  <b>National Malaria Indicators Assessment 2008 Afghanistan Annual Malaria Journal (1) 37-49.</b> <b>1</b>(0):37-49","Afghanistan","AFG",34.44109,70.56104,"Microscopy",NA,11,2008,12,2008,4,45,0,21,NA
"119",811610,NA,"Youssef, R., Safi, N., Hemeed, H., Sediqi, W., Naser, J.A. and Butt, W. (2009). <i>National malaria indicators assessment, 2008.</i> Kabul, Afghanistan: National Malaria and Leishmaniasis Control Program, Ministry of Public Health 13pg.","Youssef, R. (2009) personal communication.","Youssef, R, Safi, N, Hameed, H, Sedigi, W, Naser, JA and Butt, W. (2009).  <b>National Malaria Indicators Assessment 2008 Afghanistan Annual Malaria Journal (1) 37-49.</b> <b>1</b>(0):37-49","Afghanistan","AFG",35.95319,68.47479,"Microscopy",NA,11,2008,12,2008,2,50,0,24,NA
"120",809235,NA,"Youssef, R., Safi, N., Hemeed, H., Sediqi, W., Naser, J.A. and Butt, W. (2009). <i>National malaria indicators assessment, 2008.</i> Kabul, Afghanistan: National Malaria and Leishmaniasis Control Program, Ministry of Public Health 13pg.","Youssef, R. (2009) personal communication.","Youssef, R, Safi, N, Hameed, H, Sedigi, W, Naser, JA and Butt, W. (2009).  <b>National Malaria Indicators Assessment 2008 Afghanistan Annual Malaria Journal (1) 37-49.</b> <b>1</b>(0):37-49","Afghanistan","AFG",31.05983,66.1463,"Microscopy",NA,11,2008,12,2008,12,65,0,22,NA
"121",814612,NA,"Youssef, R., Safi, N., Hemeed, H., Sediqi, W., Naser, J.A. and Butt, W. (2009). <i>National malaria indicators assessment, 2008.</i> Kabul, Afghanistan: National Malaria and Leishmaniasis Control Program, Ministry of Public Health 13pg.","Youssef, R. (2009) personal communication.","Youssef, R, Safi, N, Hameed, H, Sedigi, W, Naser, JA and Butt, W. (2009).  <b>National Malaria Indicators Assessment 2008 Afghanistan Annual Malaria Journal (1) 37-49.</b> <b>1</b>(0):37-49","Afghanistan","AFG",34.7858,70.82819,"Microscopy",NA,11,2008,12,2008,0,70,2,84,NA
"122",806209,NA,"Youssef, R., Safi, N., Hemeed, H., Sediqi, W., Naser, J.A. and Butt, W. (2009). <i>National malaria indicators assessment, 2008.</i> Kabul, Afghanistan: National Malaria and Leishmaniasis Control Program, Ministry of Public Health 13pg.","Youssef, R. (2009) personal communication.","Youssef, R, Safi, N, Hameed, H, Sedigi, W, Naser, JA and Butt, W. (2009).  <b>National Malaria Indicators Assessment 2008 Afghanistan Annual Malaria Journal (1) 37-49.</b> <b>1</b>(0):37-49","Afghanistan","AFG",37.027,70.98777,"Microscopy",NA,11,2008,12,2008,1,70,1,123,NA
"123",805798,NA,"Youssef, R., Safi, N., Hemeed, H., Sediqi, W., Naser, J.A. and Butt, W. (2009). <i>National malaria indicators assessment, 2008.</i> Kabul, Afghanistan: National Malaria and Leishmaniasis Control Program, Ministry of Public Health 13pg.","Youssef, R. (2009) personal communication.","Youssef, R, Safi, N, Hameed, H, Sedigi, W, Naser, JA and Butt, W. (2009).  <b>National Malaria Indicators Assessment 2008 Afghanistan Annual Malaria Journal (1) 37-49.</b> <b>1</b>(0):37-49","Afghanistan","AFG",34.60579,66.91753,"Microscopy",NA,11,2008,12,2008,15,60,0,20,NA
"126",815389,NA,"Youssef, R., Safi, N., Hemeed, H., Sediqi, W., Naser, J.A. and Butt, W. (2009). <i>National malaria indicators assessment, 2008.</i> Kabul, Afghanistan: National Malaria and Leishmaniasis Control Program, Ministry of Public Health 13pg.","Youssef, R. (2009) personal communication.","Youssef, R, Safi, N, Hameed, H, Sedigi, W, Naser, JA and Butt, W. (2009).  <b>National Malaria Indicators Assessment 2008 Afghanistan Annual Malaria Journal (1) 37-49.</b> <b>1</b>(0):37-49","Afghanistan","AFG",31.7616,66.13409,"Microscopy",NA,11,2008,12,2008,19,70,0,5,NA
"127",819332,NA,"Youssef, R., Safi, N., Hemeed, H., Sediqi, W., Naser, J.A. and Butt, W. (2009). <i>National malaria indicators assessment, 2008.</i> Kabul, Afghanistan: National Malaria and Leishmaniasis Control Program, Ministry of Public Health 13pg.","Youssef, R. (2009) personal communication.","Youssef, R, Safi, N, Hameed, H, Sedigi, W, Naser, JA and Butt, W. (2009).  <b>National Malaria Indicators Assessment 2008 Afghanistan Annual Malaria Journal (1) 37-49.</b> <b>1</b>(0):37-49","Afghanistan","AFG",34.31475,70.79514,"Microscopy",NA,11,2008,12,2008,5,60,0,41,NA
"128",816383,NA,"Youssef, R., Safi, N., Hemeed, H., Sediqi, W., Naser, J.A. and Butt, W. (2009). <i>National malaria indicators assessment, 2008.</i> Kabul, Afghanistan: National Malaria and Leishmaniasis Control Program, Ministry of Public Health 13pg.","Youssef, R. (2009) personal communication.","Youssef, R, Safi, N, Hameed, H, Sedigi, W, Naser, JA and Butt, W. (2009).  <b>National Malaria Indicators Assessment 2008 Afghanistan Annual Malaria Journal (1) 37-49.</b> <b>1</b>(0):37-49","Afghanistan","AFG",38.3218,70.72469,"Microscopy",NA,11,2008,12,2008,12,38,0,6,NA
"129",803879,NA,"Youssef, R., Safi, N., Hemeed, H., Sediqi, W., Naser, J.A. and Butt, W. (2009). <i>National malaria indicators assessment, 2008.</i> Kabul, Afghanistan: National Malaria and Leishmaniasis Control Program, Ministry of Public Health 13pg.","Youssef, R. (2009) personal communication.","Youssef, R, Safi, N, Hameed, H, Sedigi, W, Naser, JA and Butt, W. (2009).  <b>National Malaria Indicators Assessment 2008 Afghanistan Annual Malaria Journal (1) 37-49.</b> <b>1</b>(0):37-49","Afghanistan","AFG",34.54841,67.03015,"Microscopy",NA,11,2008,12,2008,14,45,0,12,NA
"131",809904,NA,"Youssef, R., Safi, N., Hemeed, H., Sediqi, W., Naser, J.A. and Butt, W. (2009). <i>National malaria indicators assessment, 2008.</i> Kabul, Afghanistan: National Malaria and Leishmaniasis Control Program, Ministry of Public Health 13pg.","Youssef, R. (2009) personal communication.","Youssef, R, Safi, N, Hameed, H, Sedigi, W, Naser, JA and Butt, W. (2009).  <b>National Malaria Indicators Assessment 2008 Afghanistan Annual Malaria Journal (1) 37-49.</b> <b>1</b>(0):37-49","Afghanistan","AFG",34.23419,70.91206,"Microscopy",NA,11,2008,12,2008,11,40,1,11,NA
"132",804989,NA,"Youssef, R., Safi, N., Hemeed, H., Sediqi, W., Naser, J.A. and Butt, W. (2009). <i>National malaria indicators assessment, 2008.</i> Kabul, Afghanistan: National Malaria and Leishmaniasis Control Program, Ministry of Public Health 13pg.","Youssef, R. (2009) personal communication.","Youssef, R, Safi, N, Hameed, H, Sedigi, W, Naser, JA and Butt, W. (2009).  <b>National Malaria Indicators Assessment 2008 Afghanistan Annual Malaria Journal (1) 37-49.</b> <b>1</b>(0):37-49","Afghanistan","AFG",34.41631,70.55544,"Microscopy",NA,11,2008,12,2008,2,50,0,22,NA
"134",815818,NA,"Youssef, R., Safi, N., Hemeed, H., Sediqi, W., Naser, J.A. and Butt, W. (2009). <i>National malaria indicators assessment, 2008.</i> Kabul, Afghanistan: National Malaria and Leishmaniasis Control Program, Ministry of Public Health 13pg.","Youssef, R. (2009) personal communication.","Youssef, R, Safi, N, Hameed, H, Sedigi, W, Naser, JA and Butt, W. (2009).  <b>National Malaria Indicators Assessment 2008 Afghanistan Annual Malaria Journal (1) 37-49.</b> <b>1</b>(0):37-49","Afghanistan","AFG",31.697,65.69019,"Microscopy",NA,11,2008,12,2008,14,55,0,24,NA
"135",809438,NA,"Youssef, R., Safi, N., Hemeed, H., Sediqi, W., Naser, J.A. and Butt, W. (2009). <i>National malaria indicators assessment, 2008.</i> Kabul, Afghanistan: National Malaria and Leishmaniasis Control Program, Ministry of Public Health 13pg.","Youssef, R. (2009) personal communication.","Youssef, R, Safi, N, Hameed, H, Sedigi, W, Naser, JA and Butt, W. (2009).  <b>National Malaria Indicators Assessment 2008 Afghanistan Annual Malaria Journal (1) 37-49.</b> <b>1</b>(0):37-49","Afghanistan","AFG",34.53538,70.55904,"Microscopy",NA,11,2008,12,2008,2,45,0,23,NA
"136",804120,NA,"Youssef, R., Safi, N., Hemeed, H., Sediqi, W., Naser, J.A. and Butt, W. (2009). <i>National malaria indicators assessment, 2008.</i> Kabul, Afghanistan: National Malaria and Leishmaniasis Control Program, Ministry of Public Health 13pg.","Youssef, R. (2009) personal communication.","Youssef, R, Safi, N, Hameed, H, Sedigi, W, Naser, JA and Butt, W. (2009).  <b>National Malaria Indicators Assessment 2008 Afghanistan Annual Malaria Journal (1) 37-49.</b> <b>1</b>(0):37-49","Afghanistan","AFG",34.56569,61.3215,"Microscopy",NA,11,2008,12,2008,0,70,0,79,NA
"137",820019,NA,"Youssef, R., Safi, N., Hemeed, H., Sediqi, W., Naser, J.A. and Butt, W. (2009). <i>National malaria indicators assessment, 2008.</i> Kabul, Afghanistan: National Malaria and Leishmaniasis Control Program, Ministry of Public Health 13pg.","Youssef, R. (2009) personal communication.","Youssef, R, Safi, N, Hameed, H, Sedigi, W, Naser, JA and Butt, W. (2009).  <b>National Malaria Indicators Assessment 2008 Afghanistan Annual Malaria Journal (1) 37-49.</b> <b>1</b>(0):37-49","Afghanistan","AFG",34.81433,67.82266,"Microscopy",NA,11,2008,12,2008,2,70,0,60,NA
"139",812459,NA,"Youssef, R., Safi, N., Hemeed, H., Sediqi, W., Naser, J.A. and Butt, W. (2009). <i>National malaria indicators assessment, 2008.</i> Kabul, Afghanistan: National Malaria and Leishmaniasis Control Program, Ministry of Public Health 13pg.","Youssef, R. (2009) personal communication.","Youssef, R, Safi, N, Hameed, H, Sedigi, W, Naser, JA and Butt, W. (2009).  <b>National Malaria Indicators Assessment 2008 Afghanistan Annual Malaria Journal (1) 37-49.</b> <b>1</b>(0):37-49","Afghanistan","AFG",34.774,70.9977,"Microscopy",NA,11,2008,12,2008,0,65,0,57,NA
"141",821546,NA,"Youssef, R., Safi, N., Hemeed, H., Sediqi, W., Naser, J.A. and Butt, W. (2009). <i>National malaria indicators assessment, 2008.</i> Kabul, Afghanistan: National Malaria and Leishmaniasis Control Program, Ministry of Public Health 13pg.","Youssef, R. (2009) personal communication.","Youssef, R, Safi, N, Hameed, H, Sedigi, W, Naser, JA and Butt, W. (2009).  <b>National Malaria Indicators Assessment 2008 Afghanistan Annual Malaria Journal (1) 37-49.</b> <b>1</b>(0):37-49","Afghanistan","AFG",34.45159,70.44899,"Microscopy",NA,11,2008,12,2008,1,40,0,19,NA
"144",803528,NA,"Youssef, R., Safi, N., Hemeed, H., Sediqi, W., Naser, J.A. and Butt, W. (2009). <i>National malaria indicators assessment, 2008.</i> Kabul, Afghanistan: National Malaria and Leishmaniasis Control Program, Ministry of Public Health 13pg.","Youssef, R. (2009) personal communication.","Youssef, R, Safi, N, Hameed, H, Sedigi, W, Naser, JA and Butt, W. (2009).  <b>National Malaria Indicators Assessment 2008 Afghanistan Annual Malaria Journal (1) 37-49.</b> <b>1</b>(0):37-49","Afghanistan","AFG",36.76609,70.18796,"Microscopy",NA,11,2008,12,2008,12,55,0,68,NA
"146",817506,NA,"Youssef, R., Safi, N., Hemeed, H., Sediqi, W., Naser, J.A. and Butt, W. (2009). <i>National malaria indicators assessment, 2008.</i> Kabul, Afghanistan: National Malaria and Leishmaniasis Control Program, Ministry of Public Health 13pg.","Youssef, R. (2009) personal communication.","Youssef, R, Safi, N, Hameed, H, Sedigi, W, Naser, JA and Butt, W. (2009).  <b>National Malaria Indicators Assessment 2008 Afghanistan Annual Malaria Journal (1) 37-49.</b> <b>1</b>(0):37-49","Afghanistan","AFG",34.87254,62.15945,"Microscopy",NA,11,2008,12,2008,0,70,0,89,NA
"149",803299,NA,"Youssef, R., Safi, N., Hemeed, H., Sediqi, W., Naser, J.A. and Butt, W. (2009). <i>National malaria indicators assessment, 2008.</i> Kabul, Afghanistan: National Malaria and Leishmaniasis Control Program, Ministry of Public Health 13pg.","Youssef, R. (2009) personal communication.","Youssef, R, Safi, N, Hameed, H, Sedigi, W, Naser, JA and Butt, W. (2009).  <b>National Malaria Indicators Assessment 2008 Afghanistan Annual Malaria Journal (1) 37-49.</b> <b>1</b>(0):37-49","Afghanistan","AFG",31.0346,61.84496,"Microscopy",NA,11,2008,12,2008,19,63,0,13,NA
"151",806212,NA,"Youssef, R., Safi, N., Hemeed, H., Sediqi, W., Naser, J.A. and Butt, W. (2009). <i>National malaria indicators assessment, 2008.</i> Kabul, Afghanistan: National Malaria and Leishmaniasis Control Program, Ministry of Public Health 13pg.","Youssef, R. (2009) personal communication.","Youssef, R, Safi, N, Hameed, H, Sedigi, W, Naser, JA and Butt, W. (2009).  <b>National Malaria Indicators Assessment 2008 Afghanistan Annual Malaria Journal (1) 37-49.</b> <b>1</b>(0):37-49","Afghanistan","AFG",34.5044,70.58756,"Microscopy",NA,11,2008,12,2008,4,50,0,10,NA
"152",812404,NA,"Youssef, R., Safi, N., Hemeed, H., Sediqi, W., Naser, J.A. and Butt, W. (2009). <i>National malaria indicators assessment, 2008.</i> Kabul, Afghanistan: National Malaria and Leishmaniasis Control Program, Ministry of Public Health 13pg.","Youssef, R. (2009) personal communication.","Youssef, R, Safi, N, Hameed, H, Sedigi, W, Naser, JA and Butt, W. (2009).  <b>National Malaria Indicators Assessment 2008 Afghanistan Annual Malaria Journal (1) 37-49.</b> <b>1</b>(0):37-49","Afghanistan","AFG",35.98649,64.72786,"Microscopy",NA,11,2008,12,2008,22,70,0,20,NA
"154",820198,NA,"Youssef, R., Safi, N., Hemeed, H., Sediqi, W., Naser, J.A. and Butt, W. (2009). <i>National malaria indicators assessment, 2008.</i> Kabul, Afghanistan: National Malaria and Leishmaniasis Control Program, Ministry of Public Health 13pg.","Youssef, R. (2009) personal communication.","Youssef, R, Safi, N, Hameed, H, Sedigi, W, Naser, JA and Butt, W. (2009).  <b>National Malaria Indicators Assessment 2008 Afghanistan Annual Malaria Journal (1) 37-49.</b> <b>1</b>(0):37-49","Afghanistan","AFG",35.9745,68.56812,"Microscopy",NA,11,2008,12,2008,2,75,0,58,NA
"155",811517,NA,"Youssef, R., Safi, N., Hemeed, H., Sediqi, W., Naser, J.A. and Butt, W. (2009). <i>National malaria indicators assessment, 2008.</i> Kabul, Afghanistan: National Malaria and Leishmaniasis Control Program, Ministry of Public Health 13pg.","Youssef, R. (2009) personal communication.","Youssef, R, Safi, N, Hameed, H, Sedigi, W, Naser, JA and Butt, W. (2009).  <b>National Malaria Indicators Assessment 2008 Afghanistan Annual Malaria Journal (1) 37-49.</b> <b>1</b>(0):37-49","Afghanistan","AFG",36.60289,65.7559,"Microscopy",NA,11,2008,12,2008,12,70,0,35,NA
"156",805400,NA,"Youssef, R., Safi, N., Hemeed, H., Sediqi, W., Naser, J.A. and Butt, W. (2009). <i>National malaria indicators assessment, 2008.</i> Kabul, Afghanistan: National Malaria and Leishmaniasis Control Program, Ministry of Public Health 13pg.","Youssef, R. (2009) personal communication.","Youssef, R, Safi, N, Hameed, H, Sedigi, W, Naser, JA and Butt, W. (2009).  <b>National Malaria Indicators Assessment 2008 Afghanistan Annual Malaria Journal (1) 37-49.</b> <b>1</b>(0):37-49","Afghanistan","AFG",34.24717,70.70983,"Microscopy",NA,11,2008,12,2008,4,70,1,21,NA
"157",815252,NA,"Youssef, R., Safi, N., Hemeed, H., Sediqi, W., Naser, J.A. and Butt, W. (2009). <i>National malaria indicators assessment, 2008.</i> Kabul, Afghanistan: National Malaria and Leishmaniasis Control Program, Ministry of Public Health 13pg.","Youssef, R. (2009) personal communication.","Youssef, R, Safi, N, Hameed, H, Sedigi, W, Naser, JA and Butt, W. (2009).  <b>National Malaria Indicators Assessment 2008 Afghanistan Annual Malaria Journal (1) 37-49.</b> <b>1</b>(0):37-49","Afghanistan","AFG",35.7972,68.81229,"Microscopy",NA,11,2008,12,2008,6,55,0,18,NA
"158",805479,NA,"Youssef, R., Safi, N., Hemeed, H., Sediqi, W., Naser, J.A. and Butt, W. (2009). <i>National malaria indicators assessment, 2008.</i> Kabul, Afghanistan: National Malaria and Leishmaniasis Control Program, Ministry of Public Health 13pg.","Youssef, R. (2009) personal communication.","Youssef, R, Safi, N, Hameed, H, Sedigi, W, Naser, JA and Butt, W. (2009).  <b>National Malaria Indicators Assessment 2008 Afghanistan Annual Malaria Journal (1) 37-49.</b> <b>1</b>(0):37-49","Afghanistan","AFG",31.5127,65.72279,"Microscopy",NA,11,2008,12,2008,14,65,0,14,NA
"162",819922,NA,"Youssef, R., Safi, N., Hemeed, H., Sediqi, W., Naser, J.A. and Butt, W. (2009). <i>National malaria indicators assessment, 2008.</i> Kabul, Afghanistan: National Malaria and Leishmaniasis Control Program, Ministry of Public Health 13pg.","Youssef, R. (2009) personal communication.","Youssef, R, Safi, N, Hameed, H, Sedigi, W, Naser, JA and Butt, W. (2009).  <b>National Malaria Indicators Assessment 2008 Afghanistan Annual Malaria Journal (1) 37-49.</b> <b>1</b>(0):37-49","Afghanistan","AFG",34.39405,70.22785,"Microscopy",NA,11,2008,12,2008,4,60,0,25,NA
"163",811698,NA,"Youssef, R., Safi, N., Hemeed, H., Sediqi, W., Naser, J.A. and Butt, W. (2009). <i>National malaria indicators assessment, 2008.</i> Kabul, Afghanistan: National Malaria and Leishmaniasis Control Program, Ministry of Public Health 13pg.","Youssef, R. (2009) personal communication.","Youssef, R, Safi, N, Hameed, H, Sedigi, W, Naser, JA and Butt, W. (2009).  <b>National Malaria Indicators Assessment 2008 Afghanistan Annual Malaria Journal (1) 37-49.</b> <b>1</b>(0):37-49","Afghanistan","AFG",35.89699,65.5143,"Microscopy",NA,11,2008,12,2008,12,62,0,32,NA
"164",809580,NA,"Youssef, R., Safi, N., Hemeed, H., Sediqi, W., Naser, J.A. and Butt, W. (2009). <i>National malaria indicators assessment, 2008.</i> Kabul, Afghanistan: National Malaria and Leishmaniasis Control Program, Ministry of Public Health 13pg.","Youssef, R. (2009) personal communication.","Youssef, R, Safi, N, Hameed, H, Sedigi, W, Naser, JA and Butt, W. (2009).  <b>National Malaria Indicators Assessment 2008 Afghanistan Annual Malaria Journal (1) 37-49.</b> <b>1</b>(0):37-49","Afghanistan","AFG",31.67887,65.37257,"Microscopy",NA,11,2008,12,2008,13,73,0,26,NA
"165",819903,NA,"Youssef, R., Safi, N., Hemeed, H., Sediqi, W., Naser, J.A. and Butt, W. (2009). <i>National malaria indicators assessment, 2008.</i> Kabul, Afghanistan: National Malaria and Leishmaniasis Control Program, Ministry of Public Health 13pg.","Youssef, R. (2009) personal communication.","Youssef, R, Safi, N, Hameed, H, Sedigi, W, Naser, JA and Butt, W. (2009).  <b>National Malaria Indicators Assessment 2008 Afghanistan Annual Malaria Journal (1) 37-49.</b> <b>1</b>(0):37-49","Afghanistan","AFG",36.99035,66.28843,"Microscopy",NA,11,2008,12,2008,12,68,0,34,NA
"166",816898,NA,"Youssef, R., Safi, N., Hemeed, H., Sediqi, W., Naser, J.A. and Butt, W. (2009). <i>National malaria indicators assessment, 2008.</i> Kabul, Afghanistan: National Malaria and Leishmaniasis Control Program, Ministry of Public Health 13pg.","Youssef, R. (2009) personal communication.","Youssef, R, Safi, N, Hameed, H, Sedigi, W, Naser, JA and Butt, W. (2009).  <b>National Malaria Indicators Assessment 2008 Afghanistan Annual Malaria Journal (1) 37-49.</b> <b>1</b>(0):37-49","Afghanistan","AFG",36.83032,71.46623,"Microscopy",NA,11,2008,12,2008,1,80,0,109,NA
"167",804569,NA,"Youssef, R., Safi, N., Hemeed, H., Sediqi, W., Naser, J.A. and Butt, W. (2009). <i>National malaria indicators assessment, 2008.</i> Kabul, Afghanistan: National Malaria and Leishmaniasis Control Program, Ministry of Public Health 13pg.","Youssef, R. (2009) personal communication.","Youssef, R, Safi, N, Hameed, H, Sedigi, W, Naser, JA and Butt, W. (2009).  <b>National Malaria Indicators Assessment 2008 Afghanistan Annual Malaria Journal (1) 37-49.</b> <b>1</b>(0):37-49","Afghanistan","AFG",37.82676,71.32306,"Microscopy",NA,11,2008,12,2008,12,50,0,7,NA
"168",804312,NA,"Youssef, R., Safi, N., Hemeed, H., Sediqi, W., Naser, J.A. and Butt, W. (2009). <i>National malaria indicators assessment, 2008.</i> Kabul, Afghanistan: National Malaria and Leishmaniasis Control Program, Ministry of Public Health 13pg.","Youssef, R. (2009) personal communication.","Youssef, R, Safi, N, Hameed, H, Sedigi, W, Naser, JA and Butt, W. (2009).  <b>National Malaria Indicators Assessment 2008 Afghanistan Annual Malaria Journal (1) 37-49.</b> <b>1</b>(0):37-49","Afghanistan","AFG",36.64165,65.7073,"Microscopy",NA,11,2008,12,2008,12,58,0,26,NA
"170",810993,NA,"Youssef, R., Safi, N., Hemeed, H., Sediqi, W., Naser, J.A. and Butt, W. (2009). <i>National malaria indicators assessment, 2008.</i> Kabul, Afghanistan: National Malaria and Leishmaniasis Control Program, Ministry of Public Health 13pg.","Youssef, R. (2009) personal communication.","Youssef, R, Safi, N, Hameed, H, Sedigi, W, Naser, JA and Butt, W. (2009).  <b>National Malaria Indicators Assessment 2008 Afghanistan Annual Malaria Journal (1) 37-49.</b> <b>1</b>(0):37-49","Afghanistan","AFG",34.81867,71.16268,"Microscopy",NA,11,2008,12,2008,0,60,1,60,NA
"171",815978,NA,"Youssef, R., Safi, N., Hemeed, H., Sediqi, W., Naser, J.A. and Butt, W. (2009). <i>National malaria indicators assessment, 2008.</i> Kabul, Afghanistan: National Malaria and Leishmaniasis Control Program, Ministry of Public Health 13pg.","Youssef, R. (2009) personal communication.","Youssef, R, Safi, N, Hameed, H, Sedigi, W, Naser, JA and Butt, W. (2009).  <b>National Malaria Indicators Assessment 2008 Afghanistan Annual Malaria Journal (1) 37-49.</b> <b>1</b>(0):37-49","Afghanistan","AFG",31.24219,62.18471,"Microscopy",NA,11,2008,12,2008,12,70,0,19,NA
"172",815356,NA,"Youssef, R., Safi, N., Hemeed, H., Sediqi, W., Naser, J.A. and Butt, W. (2009). <i>National malaria indicators assessment, 2008.</i> Kabul, Afghanistan: National Malaria and Leishmaniasis Control Program, Ministry of Public Health 13pg.","Youssef, R. (2009) personal communication.","Youssef, R, Safi, N, Hameed, H, Sedigi, W, Naser, JA and Butt, W. (2009).  <b>National Malaria Indicators Assessment 2008 Afghanistan Annual Malaria Journal (1) 37-49.</b> <b>1</b>(0):37-49","Afghanistan","AFG",34.91111,62.16346,"Microscopy",NA,11,2008,12,2008,1,65,0,68,NA
"173",815794,NA,"Youssef, R., Safi, N., Hemeed, H., Sediqi, W., Naser, J.A. and Butt, W. (2009). <i>National malaria indicators assessment, 2008.</i> Kabul, Afghanistan: National Malaria and Leishmaniasis Control Program, Ministry of Public Health 13pg.","Youssef, R. (2009) personal communication.","Youssef, R, Safi, N, Hameed, H, Sedigi, W, Naser, JA and Butt, W. (2009).  <b>National Malaria Indicators Assessment 2008 Afghanistan Annual Malaria Journal (1) 37-49.</b> <b>1</b>(0):37-49","Afghanistan","AFG",34.25,70.8667,"Microscopy",NA,11,2008,12,2008,2,40,0,24,NA
"174",806591,NA,"Youssef, R., Safi, N., Hemeed, H., Sediqi, W., Naser, J.A. and Butt, W. (2009). <i>National malaria indicators assessment, 2008.</i> Kabul, Afghanistan: National Malaria and Leishmaniasis Control Program, Ministry of Public Health 13pg.","Youssef, R. (2009) personal communication.","Youssef, R, Safi, N, Hameed, H, Sedigi, W, Naser, JA and Butt, W. (2009).  <b>National Malaria Indicators Assessment 2008 Afghanistan Annual Malaria Journal (1) 37-49.</b> <b>1</b>(0):37-49","Afghanistan","AFG",35.8822,64.83147,"Microscopy",NA,11,2008,12,2008,12,70,0,36,NA
"175",813971,NA,"Youssef, R., Safi, N., Hemeed, H., Sediqi, W., Naser, J.A. and Butt, W. (2009). <i>National malaria indicators assessment, 2008.</i> Kabul, Afghanistan: National Malaria and Leishmaniasis Control Program, Ministry of Public Health 13pg.","Youssef, R. (2009) personal communication.","Youssef, R, Safi, N, Hameed, H, Sedigi, W, Naser, JA and Butt, W. (2009).  <b>National Malaria Indicators Assessment 2008 Afghanistan Annual Malaria Journal (1) 37-49.</b> <b>1</b>(0):37-49","Afghanistan","AFG",30.95998,66.27815,"Microscopy",NA,11,2008,12,2008,12,75,0,43,NA
"177",820627,NA,"Youssef, R., Safi, N., Hemeed, H., Sediqi, W., Naser, J.A. and Butt, W. (2009). <i>National malaria indicators assessment, 2008.</i> Kabul, Afghanistan: National Malaria and Leishmaniasis Control Program, Ministry of Public Health 13pg.","Youssef, R. (2009) personal communication.","Youssef, R, Safi, N, Hameed, H, Sedigi, W, Naser, JA and Butt, W. (2009).  <b>National Malaria Indicators Assessment 2008 Afghanistan Annual Malaria Journal (1) 37-49.</b> <b>1</b>(0):37-49","Afghanistan","AFG",31.48899,65.6274,"Microscopy",NA,11,2008,12,2008,12,60,0,13,NA
"178",807841,NA,"Youssef, R., Safi, N., Hemeed, H., Sediqi, W., Naser, J.A. and Butt, W. (2009). <i>National malaria indicators assessment, 2008.</i> Kabul, Afghanistan: National Malaria and Leishmaniasis Control Program, Ministry of Public Health 13pg.","Youssef, R. (2009) personal communication.","Youssef, R, Safi, N, Hameed, H, Sedigi, W, Naser, JA and Butt, W. (2009).  <b>National Malaria Indicators Assessment 2008 Afghanistan Annual Malaria Journal (1) 37-49.</b> <b>1</b>(0):37-49","Afghanistan","AFG",34.21948,70.68631,"Microscopy",NA,11,2008,12,2008,1,60,0,29,NA
"179",809672,NA,"Youssef, R., Safi, N., Hemeed, H., Sediqi, W., Naser, J.A. and Butt, W. (2009). <i>National malaria indicators assessment, 2008.</i> Kabul, Afghanistan: National Malaria and Leishmaniasis Control Program, Ministry of Public Health 13pg.","Youssef, R. (2009) personal communication.","Youssef, R, Safi, N, Hameed, H, Sedigi, W, Naser, JA and Butt, W. (2009).  <b>National Malaria Indicators Assessment 2008 Afghanistan Annual Malaria Journal (1) 37-49.</b> <b>1</b>(0):37-49","Afghanistan","AFG",36.29406,68.72587,"Microscopy",NA,11,2008,12,2008,1,80,0,35,NA
"180",812131,NA,"Youssef, R., Safi, N., Hemeed, H., Sediqi, W., Naser, J.A. and Butt, W. (2009). <i>National malaria indicators assessment, 2008.</i> Kabul, Afghanistan: National Malaria and Leishmaniasis Control Program, Ministry of Public Health 13pg.","Youssef, R. (2009) personal communication.","Youssef, R, Safi, N, Hameed, H, Sedigi, W, Naser, JA and Butt, W. (2009).  <b>National Malaria Indicators Assessment 2008 Afghanistan Annual Malaria Journal (1) 37-49.</b> <b>1</b>(0):37-49","Afghanistan","AFG",34.2889,62.4591,"Microscopy",NA,11,2008,12,2008,0,80,0,130,NA
"181",808069,NA,"Youssef, R., Safi, N., Hemeed, H., Sediqi, W., Naser, J.A. and Butt, W. (2009). <i>National malaria indicators assessment, 2008.</i> Kabul, Afghanistan: National Malaria and Leishmaniasis Control Program, Ministry of Public Health 13pg.","Youssef, R. (2009) personal communication.","Youssef, R, Safi, N, Hameed, H, Sedigi, W, Naser, JA and Butt, W. (2009).  <b>National Malaria Indicators Assessment 2008 Afghanistan Annual Malaria Journal (1) 37-49.</b> <b>1</b>(0):37-49","Afghanistan","AFG",35.81456,68.58901,"Microscopy",NA,11,2008,12,2008,2,70,0,35,NA
"182",818390,NA,"Youssef, R., Safi, N., Hemeed, H., Sediqi, W., Naser, J.A. and Butt, W. (2009). <i>National malaria indicators assessment, 2008.</i> Kabul, Afghanistan: National Malaria and Leishmaniasis Control Program, Ministry of Public Health 13pg.","Youssef, R. (2009) personal communication.","Youssef, R, Safi, N, Hameed, H, Sedigi, W, Naser, JA and Butt, W. (2009).  <b>National Malaria Indicators Assessment 2008 Afghanistan Annual Malaria Journal (1) 37-49.</b> <b>1</b>(0):37-49","Afghanistan","AFG",34.4463,70.4529,"Microscopy",NA,11,2008,12,2008,4,50,0,18,NA
"184",808144,NA,"Youssef, R., Safi, N., Hemeed, H., Sediqi, W., Naser, J.A. and Butt, W. (2009). <i>National malaria indicators assessment, 2008.</i> Kabul, Afghanistan: National Malaria and Leishmaniasis Control Program, Ministry of Public Health 13pg.","Youssef, R. (2009) personal communication.","Youssef, R, Safi, N, Hameed, H, Sedigi, W, Naser, JA and Butt, W. (2009).  <b>National Malaria Indicators Assessment 2008 Afghanistan Annual Malaria Journal (1) 37-49.</b> <b>1</b>(0):37-49","Afghanistan","AFG",34.56009,70.5622,"Microscopy",NA,11,2008,12,2008,0,60,0,18,NA
"186",804555,NA,"Youssef, R., Safi, N., Hemeed, H., Sediqi, W., Naser, J.A. and Butt, W. (2009). <i>National malaria indicators assessment, 2008.</i> Kabul, Afghanistan: National Malaria and Leishmaniasis Control Program, Ministry of Public Health 13pg.","Youssef, R. (2009) personal communication.","Youssef, R, Safi, N, Hameed, H, Sedigi, W, Naser, JA and Butt, W. (2009).  <b>National Malaria Indicators Assessment 2008 Afghanistan Annual Malaria Journal (1) 37-49.</b> <b>1</b>(0):37-49","Afghanistan","AFG",31.17816,66.48786,"Microscopy",NA,11,2008,12,2008,13,40,0,4,NA
"188",804756,NA,"Youssef, R., Safi, N., Hemeed, H., Sediqi, W., Naser, J.A. and Butt, W. (2009). <i>National malaria indicators assessment, 2008.</i> Kabul, Afghanistan: National Malaria and Leishmaniasis Control Program, Ministry of Public Health 13pg.","Youssef, R. (2009) personal communication.","Youssef, R, Safi, N, Hameed, H, Sedigi, W, Naser, JA and Butt, W. (2009).  <b>National Malaria Indicators Assessment 2008 Afghanistan Annual Malaria Journal (1) 37-49.</b> <b>1</b>(0):37-49","Afghanistan","AFG",31.0217,61.8556,"Microscopy",NA,11,2008,12,2008,12,60,0,12,NA
"189",805314,NA,"Youssef, R., Safi, N., Hemeed, H., Sediqi, W., Naser, J.A. and Butt, W. (2009). <i>National malaria indicators assessment, 2008.</i> Kabul, Afghanistan: National Malaria and Leishmaniasis Control Program, Ministry of Public Health 13pg.","Youssef, R. (2009) personal communication.","Youssef, R, Safi, N, Hameed, H, Sedigi, W, Naser, JA and Butt, W. (2009).  <b>National Malaria Indicators Assessment 2008 Afghanistan Annual Malaria Journal (1) 37-49.</b> <b>1</b>(0):37-49","Afghanistan","AFG",36.34711,68.81335,"Microscopy",NA,11,2008,12,2008,0,80,0,23,NA
"190",806035,NA,"Youssef, R., Safi, N., Hemeed, H., Sediqi, W., Naser, J.A. and Butt, W. (2009). <i>National malaria indicators assessment, 2008.</i> Kabul, Afghanistan: National Malaria and Leishmaniasis Control Program, Ministry of Public Health 13pg.","Youssef, R. (2009) personal communication.","Youssef, R, Safi, N, Hameed, H, Sedigi, W, Naser, JA and Butt, W. (2009).  <b>National Malaria Indicators Assessment 2008 Afghanistan Annual Malaria Journal (1) 37-49.</b> <b>1</b>(0):37-49","Afghanistan","AFG",35.76171,68.76984,"Microscopy",NA,11,2008,12,2008,2,60,0,19,NA
"191",806394,NA,"Youssef, R., Safi, N., Hemeed, H., Sediqi, W., Naser, J.A. and Butt, W. (2009). <i>National malaria indicators assessment, 2008.</i> Kabul, Afghanistan: National Malaria and Leishmaniasis Control Program, Ministry of Public Health 13pg.","Youssef, R. (2009) personal communication.","Youssef, R, Safi, N, Hameed, H, Sedigi, W, Naser, JA and Butt, W. (2009).  <b>National Malaria Indicators Assessment 2008 Afghanistan Annual Malaria Journal (1) 37-49.</b> <b>1</b>(0):37-49","Afghanistan","AFG",36.85078,65.66802,"Microscopy",NA,11,2008,12,2008,12,74,0,42,NA
"193",821321,NA,"Youssef, R., Safi, N., Hemeed, H., Sediqi, W., Naser, J.A. and Butt, W. (2009). <i>National malaria indicators assessment, 2008.</i> Kabul, Afghanistan: National Malaria and Leishmaniasis Control Program, Ministry of Public Health 13pg.","Youssef, R. (2009) personal communication.","Youssef, R, Safi, N, Hameed, H, Sedigi, W, Naser, JA and Butt, W. (2009).  <b>National Malaria Indicators Assessment 2008 Afghanistan Annual Malaria Journal (1) 37-49.</b> <b>1</b>(0):37-49","Afghanistan","AFG",34.34878,70.74251,"Microscopy",NA,11,2008,12,2008,0,50,0,30,NA
"194",818336,NA,"Youssef, R., Safi, N., Hemeed, H., Sediqi, W., Naser, J.A. and Butt, W. (2009). <i>National malaria indicators assessment, 2008.</i> Kabul, Afghanistan: National Malaria and Leishmaniasis Control Program, Ministry of Public Health 13pg.","Youssef, R. (2009) personal communication.","Youssef, R, Safi, N, Hameed, H, Sedigi, W, Naser, JA and Butt, W. (2009).  <b>National Malaria Indicators Assessment 2008 Afghanistan Annual Malaria Journal (1) 37-49.</b> <b>1</b>(0):37-49","Afghanistan","AFG",34.52969,66.94502,"Microscopy",NA,11,2008,12,2008,12,65,0,26,NA
"195",803423,NA,"Youssef, R., Safi, N., Hemeed, H., Sediqi, W., Naser, J.A. and Butt, W. (2009). <i>National malaria indicators assessment, 2008.</i> Kabul, Afghanistan: National Malaria and Leishmaniasis Control Program, Ministry of Public Health 13pg.","Youssef, R. (2009) personal communication.","Youssef, R, Safi, N, Hameed, H, Sedigi, W, Naser, JA and Butt, W. (2009).  <b>National Malaria Indicators Assessment 2008 Afghanistan Annual Malaria Journal (1) 37-49.</b> <b>1</b>(0):37-49","Afghanistan","AFG",34.34627,70.72501,"Microscopy",NA,11,2008,12,2008,1,70,1,40,NA
"196",819978,NA,"Youssef, R., Safi, N., Hemeed, H., Sediqi, W., Naser, J.A. and Butt, W. (2009). <i>National malaria indicators assessment, 2008.</i> Kabul, Afghanistan: National Malaria and Leishmaniasis Control Program, Ministry of Public Health 13pg.","Youssef, R. (2009) personal communication.","Youssef, R, Safi, N, Hameed, H, Sedigi, W, Naser, JA and Butt, W. (2009).  <b>National Malaria Indicators Assessment 2008 Afghanistan Annual Malaria Journal (1) 37-49.</b> <b>1</b>(0):37-49","Afghanistan","AFG",34.38881,62.42849,"Microscopy",NA,11,2008,12,2008,0,70,0,64,NA
"197",805746,NA,"Youssef, R., Safi, N., Hemeed, H., Sediqi, W., Naser, J.A. and Butt, W. (2009). <i>National malaria indicators assessment, 2008.</i> Kabul, Afghanistan: National Malaria and Leishmaniasis Control Program, Ministry of Public Health 13pg.","Youssef, R. (2009) personal communication.","Youssef, R, Safi, N, Hameed, H, Sedigi, W, Naser, JA and Butt, W. (2009).  <b>National Malaria Indicators Assessment 2008 Afghanistan Annual Malaria Journal (1) 37-49.</b> <b>1</b>(0):37-49","Afghanistan","AFG",35.8006,64.7763,"Microscopy",NA,11,2008,12,2008,12,87,0,43,NA
"198",815483,NA,"Youssef, R., Safi, N., Hemeed, H., Sediqi, W., Naser, J.A. and Butt, W. (2009). <i>National malaria indicators assessment, 2008.</i> Kabul, Afghanistan: National Malaria and Leishmaniasis Control Program, Ministry of Public Health 13pg.","Youssef, R. (2009) personal communication.","Youssef, R, Safi, N, Hameed, H, Sedigi, W, Naser, JA and Butt, W. (2009).  <b>National Malaria Indicators Assessment 2008 Afghanistan Annual Malaria Journal (1) 37-49.</b> <b>1</b>(0):37-49","Afghanistan","AFG",36.3632,68.7319,"Microscopy",NA,11,2008,12,2008,1,60,0,84,NA
"199",817252,NA,"Youssef, R., Safi, N., Hemeed, H., Sediqi, W., Naser, J.A. and Butt, W. (2009). <i>National malaria indicators assessment, 2008.</i> Kabul, Afghanistan: National Malaria and Leishmaniasis Control Program, Ministry of Public Health 13pg.","Youssef, R. (2009) personal communication.","Youssef, R, Safi, N, Hameed, H, Sedigi, W, Naser, JA and Butt, W. (2009).  <b>National Malaria Indicators Assessment 2008 Afghanistan Annual Malaria Journal (1) 37-49.</b> <b>1</b>(0):37-49","Afghanistan","AFG",34.3574,61.90081,"Microscopy",NA,11,2008,12,2008,0,58,0,48,NA
"200",813238,NA,"Youssef, R., Safi, N., Hemeed, H., Sediqi, W., Naser, J.A. and Butt, W. (2009). <i>National malaria indicators assessment, 2008.</i> Kabul, Afghanistan: National Malaria and Leishmaniasis Control Program, Ministry of Public Health 13pg.","Youssef, R. (2009) personal communication.","Youssef, R, Safi, N, Hameed, H, Sedigi, W, Naser, JA and Butt, W. (2009).  <b>National Malaria Indicators Assessment 2008 Afghanistan Annual Malaria Journal (1) 37-49.</b> <b>1</b>(0):37-49","Afghanistan","AFG",36.31666,68.79993,"Microscopy",NA,11,2008,12,2008,0,58,0,22,NA
"201",818266,NA,"Youssef, R., Safi, N., Hemeed, H., Sediqi, W., Naser, J.A. and Butt, W. (2009). <i>National malaria indicators assessment, 2008.</i> Kabul, Afghanistan: National Malaria and Leishmaniasis Control Program, Ministry of Public Health 13pg.","Youssef, R. (2009) personal communication.","Youssef, R, Safi, N, Hameed, H, Sedigi, W, Naser, JA and Butt, W. (2009).  <b>National Malaria Indicators Assessment 2008 Afghanistan Annual Malaria Journal (1) 37-49.</b> <b>1</b>(0):37-49","Afghanistan","AFG",36.22321,68.80055,"Microscopy",NA,11,2008,12,2008,0,70,0,23,NA
"203",820204,NA,"Youssef, R., Safi, N., Hemeed, H., Sediqi, W., Naser, J.A. and Butt, W. (2009). <i>National malaria indicators assessment, 2008.</i> Kabul, Afghanistan: National Malaria and Leishmaniasis Control Program, Ministry of Public Health 13pg.","Youssef, R. (2009) personal communication.","Youssef, R, Safi, N, Hameed, H, Sedigi, W, Naser, JA and Butt, W. (2009).  <b>National Malaria Indicators Assessment 2008 Afghanistan Annual Malaria Journal (1) 37-49.</b> <b>1</b>(0):37-49","Afghanistan","AFG",36.27873,64.85574,"Microscopy",NA,11,2008,12,2008,12,72,0,39,NA
"204",807482,NA,"Youssef, R., Safi, N., Hemeed, H., Sediqi, W., Naser, J.A. and Butt, W. (2009). <i>National malaria indicators assessment, 2008.</i> Kabul, Afghanistan: National Malaria and Leishmaniasis Control Program, Ministry of Public Health 13pg.","Youssef, R. (2009) personal communication.","Youssef, R, Safi, N, Hameed, H, Sedigi, W, Naser, JA and Butt, W. (2009).  <b>National Malaria Indicators Assessment 2008 Afghanistan Annual Malaria Journal (1) 37-49.</b> <b>1</b>(0):37-49","Afghanistan","AFG",36.02392,64.69099,"Microscopy",NA,11,2008,12,2008,12,65,0,32,NA
"205",820384,NA,"Youssef, R., Safi, N., Hemeed, H., Sediqi, W., Naser, J.A. and Butt, W. (2009). <i>National malaria indicators assessment, 2008.</i> Kabul, Afghanistan: National Malaria and Leishmaniasis Control Program, Ministry of Public Health 13pg.","Youssef, R. (2009) personal communication.","Youssef, R, Safi, N, Hameed, H, Sedigi, W, Naser, JA and Butt, W. (2009).  <b>National Malaria Indicators Assessment 2008 Afghanistan Annual Malaria Journal (1) 37-49.</b> <b>1</b>(0):37-49","Afghanistan","AFG",36.95779,66.1666,"Microscopy",NA,11,2008,12,2008,13,64,0,30,NA
"206",820888,NA,"Youssef, R., Safi, N., Hemeed, H., Sediqi, W., Naser, J.A. and Butt, W. (2009). <i>National malaria indicators assessment, 2008.</i> Kabul, Afghanistan: National Malaria and Leishmaniasis Control Program, Ministry of Public Health 13pg.","Youssef, R. (2009) personal communication.","Youssef, R, Safi, N, Hameed, H, Sedigi, W, Naser, JA and Butt, W. (2009).  <b>National Malaria Indicators Assessment 2008 Afghanistan Annual Malaria Journal (1) 37-49.</b> <b>1</b>(0):37-49","Afghanistan","AFG",34.49429,62.23711,"Microscopy",NA,11,2008,12,2008,0,68,0,103,NA
"207",808381,NA,"Youssef, R., Safi, N., Hemeed, H., Sediqi, W., Naser, J.A. and Butt, W. (2009). <i>National malaria indicators assessment, 2008.</i> Kabul, Afghanistan: National Malaria and Leishmaniasis Control Program, Ministry of Public Health 13pg.","Youssef, R. (2009) personal communication.","Youssef, R, Safi, N, Hameed, H, Sedigi, W, Naser, JA and Butt, W. (2009).  <b>National Malaria Indicators Assessment 2008 Afghanistan Annual Malaria Journal (1) 37-49.</b> <b>1</b>(0):37-49","Afghanistan","AFG",36.5263,65.7957,"Microscopy",NA,11,2008,12,2008,2,60,0,31,NA
"208",816026,NA,"Youssef, R., Safi, N., Hemeed, H., Sediqi, W., Naser, J.A. and Butt, W. (2009). <i>National malaria indicators assessment, 2008.</i> Kabul, Afghanistan: National Malaria and Leishmaniasis Control Program, Ministry of Public Health 13pg.","Youssef, R. (2009) personal communication.","Youssef, R, Safi, N, Hameed, H, Sedigi, W, Naser, JA and Butt, W. (2009).  <b>National Malaria Indicators Assessment 2008 Afghanistan Annual Malaria Journal (1) 37-49.</b> <b>1</b>(0):37-49","Afghanistan","AFG",34.49396,70.72199,"Microscopy",NA,11,2008,12,2008,2,70,0,45,NA
"209",811431,NA,"Youssef, R., Safi, N., Hemeed, H., Sediqi, W., Naser, J.A. and Butt, W. (2009). <i>National malaria indicators assessment, 2008.</i> Kabul, Afghanistan: National Malaria and Leishmaniasis Control Program, Ministry of Public Health 13pg.","Youssef, R. (2009) personal communication.","Youssef, R, Safi, N, Hameed, H, Sedigi, W, Naser, JA and Butt, W. (2009).  <b>National Malaria Indicators Assessment 2008 Afghanistan Annual Malaria Journal (1) 37-49.</b> <b>1</b>(0):37-49","Afghanistan","AFG",30.72306,66.15853,"Microscopy",NA,11,2008,12,2008,18,55,0,5,NA
"210",808986,NA,"Youssef, R., Safi, N., Hemeed, H., Sediqi, W., Naser, J.A. and Butt, W. (2009). <i>National malaria indicators assessment, 2008.</i> Kabul, Afghanistan: National Malaria and Leishmaniasis Control Program, Ministry of Public Health 13pg.","Youssef, R. (2009) personal communication.","Youssef, R, Safi, N, Hameed, H, Sedigi, W, Naser, JA and Butt, W. (2009).  <b>National Malaria Indicators Assessment 2008 Afghanistan Annual Malaria Journal (1) 37-49.</b> <b>1</b>(0):37-49","Afghanistan","AFG",34.24855,70.51898,"Microscopy",NA,11,2008,12,2008,2,35,0,13,NA
"212",821135,NA,"Youssef, R., Safi, N., Hemeed, H., Sediqi, W., Naser, J.A. and Butt, W. (2009). <i>National malaria indicators assessment, 2008.</i> Kabul, Afghanistan: National Malaria and Leishmaniasis Control Program, Ministry of Public Health 13pg.","Youssef, R. (2009) personal communication.","Youssef, R, Safi, N, Hameed, H, Sedigi, W, Naser, JA and Butt, W. (2009).  <b>National Malaria Indicators Assessment 2008 Afghanistan Annual Malaria Journal (1) 37-49.</b> <b>1</b>(0):37-49","Afghanistan","AFG",34.42884,70.45575,"Microscopy",NA,11,2008,12,2008,0,72,0,59,NA
"213",814546,NA,"Youssef, R., Safi, N., Hemeed, H., Sediqi, W., Naser, J.A. and Butt, W. (2009). <i>National malaria indicators assessment, 2008.</i> Kabul, Afghanistan: National Malaria and Leishmaniasis Control Program, Ministry of Public Health 13pg.","Youssef, R. (2009) personal communication.","Youssef, R, Safi, N, Hameed, H, Sedigi, W, Naser, JA and Butt, W. (2009).  <b>National Malaria Indicators Assessment 2008 Afghanistan Annual Malaria Journal (1) 37-49.</b> <b>1</b>(0):37-49","Afghanistan","AFG",31.728,65.71459,"Microscopy",NA,11,2008,12,2008,12,45,0,20,NA
"214",815693,NA,"Youssef, R., Safi, N., Hemeed, H., Sediqi, W., Naser, J.A. and Butt, W. (2009). <i>National malaria indicators assessment, 2008.</i> Kabul, Afghanistan: National Malaria and Leishmaniasis Control Program, Ministry of Public Health 13pg.","Youssef, R. (2009) personal communication.","Youssef, R, Safi, N, Hameed, H, Sedigi, W, Naser, JA and Butt, W. (2009).  <b>National Malaria Indicators Assessment 2008 Afghanistan Annual Malaria Journal (1) 37-49.</b> <b>1</b>(0):37-49","Afghanistan","AFG",36.5542,65.75859,"Microscopy",NA,11,2008,12,2008,12,82,0,34,NA
"215",804964,NA,"Youssef, R., Safi, N., Hemeed, H., Sediqi, W., Naser, J.A. and Butt, W. (2009). <i>National malaria indicators assessment, 2008.</i> Kabul, Afghanistan: National Malaria and Leishmaniasis Control Program, Ministry of Public Health 13pg.","Youssef, R. (2009) personal communication.","Youssef, R, Safi, N, Hameed, H, Sedigi, W, Naser, JA and Butt, W. (2009).  <b>National Malaria Indicators Assessment 2008 Afghanistan Annual Malaria Journal (1) 37-49.</b> <b>1</b>(0):37-49","Afghanistan","AFG",34.88048,66.53473,"Microscopy",NA,11,2008,12,2008,12,65,0,19,NA
"216",804055,NA,"Youssef, R., Safi, N., Hemeed, H., Sediqi, W., Naser, J.A. and Butt, W. (2009). <i>National malaria indicators assessment, 2008.</i> Kabul, Afghanistan: National Malaria and Leishmaniasis Control Program, Ministry of Public Health 13pg.","Youssef, R. (2009) personal communication.","Youssef, R, Safi, N, Hameed, H, Sedigi, W, Naser, JA and Butt, W. (2009).  <b>National Malaria Indicators Assessment 2008 Afghanistan Annual Malaria Journal (1) 37-49.</b> <b>1</b>(0):37-49","Afghanistan","AFG",34.52963,67.60307,"Microscopy",NA,11,2008,12,2008,12,60,0,24,NA
"220",806879,NA,"Youssef, R., Safi, N., Hemeed, H., Sediqi, W., Naser, J.A. and Butt, W. (2009). <i>National malaria indicators assessment, 2008.</i> Kabul, Afghanistan: National Malaria and Leishmaniasis Control Program, Ministry of Public Health 13pg.","Youssef, R. (2009) personal communication.","Youssef, R, Safi, N, Hameed, H, Sedigi, W, Naser, JA and Butt, W. (2009).  <b>National Malaria Indicators Assessment 2008 Afghanistan Annual Malaria Journal (1) 37-49.</b> <b>1</b>(0):37-49","Afghanistan","AFG",34.2462,70.375,"Microscopy",NA,11,2008,12,2008,0,75,0,19,NA
"224",814266,NA,"Youssef, R., Safi, N., Hemeed, H., Sediqi, W., Naser, J.A. and Butt, W. (2009). <i>National malaria indicators assessment, 2008.</i> Kabul, Afghanistan: National Malaria and Leishmaniasis Control Program, Ministry of Public Health 13pg.","Youssef, R. (2009) personal communication.","Youssef, R, Safi, N, Hameed, H, Sedigi, W, Naser, JA and Butt, W. (2009).  <b>National Malaria Indicators Assessment 2008 Afghanistan Annual Malaria Journal (1) 37-49.</b> <b>1</b>(0):37-49","Afghanistan","AFG",34.24374,70.92632,"Microscopy",NA,11,2008,12,2008,5,50,0,9,NA
